Entity,Day,Daily new confirmed deaths due to COVID-19 per million people
World,2020-03-01,0.0070097623
World,2020-03-02,0.00838668
World,2020-03-03,0.008511854
World,2020-03-04,0.010890167
World,2020-03-05,0.011140515
World,2020-03-06,0.012267085
World,2020-03-07,0.0127677815
World,2020-03-08,0.017274057
World,2020-03-09,0.027913876
World,2020-03-10,0.02165516
World,2020-03-11,0.033671893
World,2020-03-12,0.038178172
World,2020-03-13,0.040055785
World,2020-03-14,0.050194908
World,2020-03-15,0.120542884
World,2020-03-16,0.07059832
World,2020-03-17,0.073602505
World,2020-03-18,0.07973605
World,2020-03-19,0.09913807
World,2020-03-20,0.10301848
World,2020-03-21,0.13318549
World,2020-03-22,0.6545366
World,2020-03-23,0.14933297
World,2020-03-24,0.15471548
World,2020-03-25,0.18726079
World,2020-03-26,0.20002858
World,2020-03-27,0.22906902
World,2020-03-28,0.28276882
World,2020-03-29,1.5862092
World,2020-03-30,0.30304706
World,2020-03-31,0.36300555
World,2020-04-01,0.37877753
World,2020-04-02,0.42822137
World,2020-04-03,0.4750366
World,2020-04-04,0.51709515
World,2020-04-05,2.14699
World,2020-04-06,0.55076706
World,2020-04-07,0.6106004
World,2020-04-08,0.5915739
World,2020-04-09,0.66242254
World,2020-04-10,0.7139944
World,2020-04-11,0.70197767
World,2020-04-12,2.1369762
World,2020-04-13,0.68870914
World,2020-04-14,0.65215826
World,2020-04-15,0.6730624
World,2020-04-16,0.7343978
World,2020-04-17,0.77795845
World,2020-04-18,0.9157754
World,2020-04-19,1.8112726
World,2020-04-20,0.636887
World,2020-04-21,0.6486534
World,2020-04-22,0.6843281
World,2020-04-23,0.7397803
World,2020-04-24,0.6989735
World,2020-04-25,0.6870819
World,2020-04-26,1.463288
World,2020-04-27,0.6201136
World,2020-04-28,0.58043337
World,2020-04-29,0.617485
World,2020-04-30,0.68295115
World,2020-05-01,0.71674824
World,2020-05-02,0.70060074
World,2020-05-03,1.2304636
World,2020-05-04,0.6003361
World,2020-05-05,0.5570258
World,2020-05-06,0.5538964
World,2020-05-07,0.75617814
World,2020-05-08,0.7251349
World,2020-05-09,0.69496787
World,2020-05-10,0.98474646
World,2020-05-11,0.64690095
World,2020-05-12,0.52460563
World,2020-05-13,0.5172203
World,2020-05-14,0.6385143
World,2020-05-15,0.61648357
World,2020-05-16,0.68858397
World,2020-05-17,0.89462095
World,2020-05-18,0.5870676
World,2020-05-19,0.4920603
World,2020-05-20,0.5390007
World,2020-05-21,0.6377632
World,2020-05-22,0.62637234
World,2020-05-23,0.61723465
World,2020-05-24,0.85005885
World,2020-05-25,0.5288615
World,2020-05-26,0.50770706
World,2020-05-27,0.51897275
World,2020-05-28,0.57555157
World,2020-05-29,0.63613594
World,2020-05-30,0.6625477
World,2020-05-31,0.7470404
World,2020-06-01,0.580183
World,2020-06-02,0.51972383
World,2020-06-03,0.5296126
World,2020-06-04,0.6559135
World,2020-06-05,0.68032247
World,2020-06-06,0.68445325
World,2020-06-07,0.7161223
World,2020-06-08,0.6259968
World,2020-06-09,0.5055791
World,2020-06-10,0.56591314
World,2020-06-11,0.6665533
World,2020-06-12,0.68532944
World,2020-06-13,0.68194973
World,2020-06-14,0.6843281
World,2020-06-15,0.5904473
World,2020-06-16,0.55014116
World,2020-06-17,0.75317395
World,2020-06-18,0.68971056
World,2020-06-19,0.69997483
World,2020-06-20,0.6905868
World,2020-06-21,0.7136189
World,2020-06-22,0.6321304
World,2020-06-23,0.51071125
World,2020-06-24,0.53461957
World,2020-06-25,0.6920889
World,2020-06-26,0.6675547
World,2020-06-27,0.87809795
World,2020-06-28,0.6823253
World,2020-06-29,0.62211645
World,2020-06-30,0.5466363
World,2020-07-01,0.60747105
World,2020-07-02,0.6586673
World,2020-07-03,0.6665533
World,2020-07-04,0.6920889
World,2020-07-05,0.75880677
World,2020-07-06,0.6530345
World,2020-07-07,0.58694243
World,2020-07-08,0.6301276
World,2020-07-09,0.7330209
World,2020-07-10,0.73927957
World,2020-07-11,0.7454131
World,2020-07-12,0.76832
World,2020-07-13,0.7281391
World,2020-07-14,0.6440219
World,2020-07-15,0.6643002
World,2020-07-16,0.7716997
World,2020-07-17,0.81250656
World,2020-07-18,0.9012552
World,2020-07-19,0.80537164
World,2020-07-20,0.7487928
World,2020-07-21,0.69046164
World,2020-07-22,0.6969707
World,2020-07-23,0.9493221
World,2020-07-24,0.81250656
World,2020-07-25,0.84054565
World,2020-07-26,0.86720777
World,2020-07-27,0.78434235
World,2020-07-28,0.6929651
World,2020-07-29,0.74791664
World,2020-07-30,0.7909766
World,2020-07-31,0.8978755
World,2020-08-01,0.8265261
World,2020-08-02,0.8703371
World,2020-08-03,0.82289606
World,2020-08-04,0.7218804
World,2020-08-05,0.7322698
World,2020-08-06,0.85406446
World,2020-08-07,0.8856084
World,2020-08-08,0.82978064
World,2020-08-09,0.87259024
World,2020-08-10,0.809252
World,2020-08-11,0.69872314
World,2020-08-12,0.69271475
World,2020-08-13,0.8470547
World,2020-08-14,0.8554414
World,2020-08-15,0.82527435
World,2020-08-16,0.86533016
World,2020-08-17,0.7300167
World,2020-08-18,0.6786952
World,2020-08-19,0.699349
World,2020-08-20,0.80837584
World,2020-08-21,0.8422981
World,2020-08-22,0.76781934
World,2020-08-23,0.8197667
World,2020-08-24,0.73615026
World,2020-08-25,0.64802754
World,2020-08-26,0.6678051
World,2020-08-27,0.7982367
World,2020-08-28,0.7916025
World,2020-08-29,0.72125447
World,2020-08-30,0.8287792
World,2020-08-31,0.71749926
World,2020-09-01,0.5945781
World,2020-09-02,0.63263106
World,2020-09-03,0.7698221
World,2020-09-04,0.77032286
World,2020-09-05,0.7067343
World,2020-09-06,0.8153856
World,2020-09-07,1.140213
World,2020-09-08,0.81989187
World,2020-09-09,0.57717884
World,2020-09-10,0.6178605
World,2020-09-11,0.729516
World,2020-09-12,0.7044811
World,2020-09-13,0.8236471
World,2020-09-14,0.6530345
World,2020-09-15,0.6212402
World,2020-09-16,0.5914487
World,2020-09-17,0.715872
World,2020-09-18,0.7440362
World,2020-09-19,0.67018336
World,2020-09-20,0.89124125
World,2020-09-21,0.6251206
World,2020-09-22,0.557902
World,2020-09-23,0.5889452
World,2020-09-24,0.6689316
World,2020-09-25,0.6948427
World,2020-09-26,0.68895954
World,2020-09-27,0.89662373
World,2020-09-28,0.6350094
World,2020-09-29,0.54588526
World,2020-09-30,0.5761774
World,2020-10-01,0.69997483
World,2020-10-02,0.7031042
World,2020-10-03,0.6302528
World,2020-10-04,0.9125209
World,2020-10-05,0.6060941
World,2020-10-06,0.5645362
World,2020-10-07,0.57555157
World,2020-10-08,0.68182456
World,2020-10-09,0.7285146
World,2020-10-10,0.6537855
World,2020-10-11,0.9620899
World,2020-10-12,0.5795572
World,2020-10-13,0.55902857
World,2020-10-14,0.5532705
World,2020-10-15,0.593076
World,2020-10-16,0.6759414
World,2020-10-17,0.6751903
World,2020-10-18,1.1314508
World,2020-10-19,0.6039661
World,2020-10-20,0.59520394
World,2020-10-21,0.6328814
World,2020-10-22,0.70635873
World,2020-10-23,0.7598082
World,2020-10-24,0.7078608
World,2020-10-25,1.3782946
World,2020-10-26,0.67694277
World,2020-10-27,0.62286747
World,2020-10-28,0.6877078
World,2020-10-29,0.7601837
World,2020-10-30,0.7916025
World,2020-10-31,0.7860948
World,2020-11-01,1.8706052
World,2020-11-02,0.74566346
World,2020-11-03,0.7018525
World,2020-11-04,0.7743284
World,2020-11-05,0.8836056
World,2020-11-06,0.9463179
World,2020-11-07,0.96722203
World,2020-11-08,2.3726795
World,2020-11-09,0.8028682
World,2020-11-10,0.80236745
World,2020-11-11,0.8944958
World,2020-11-12,1.0051498
World,2020-11-13,0.99037933
World,2020-11-14,1.0250525
World,2020-11-15,2.6688418
World,2020-11-16,1.0064017
World,2020-11-17,0.8479309
World,2020-11-18,0.91302156
World,2020-11-19,1.1176816
World,2020-11-20,1.1445941
World,2020-11-21,1.1708807
World,2020-11-22,3.004184
World,2020-11-23,1.0185435
World,2020-11-24,1.0149134
World,2020-11-25,1.086388
World,2020-11-26,1.1568612
World,2020-11-27,1.2379742
World,2020-11-28,1.1329528
World,2020-11-29,2.8877718
World,2020-11-30,0.9928828
World,2020-12-01,1.0020205
World,2020-12-02,1.0925215
World,2020-12-03,1.2370979
World,2020-12-04,1.3153318
World,2020-12-05,1.2970564
World,2020-12-06,3.0075636
World,2020-12-07,1.0876398
World,2020-12-08,0.9733556
World,2020-12-09,1.1523548
World,2020-12-10,1.2204497
World,2020-12-11,1.3976966
World,2020-12-12,1.263009
World,2020-12-13,3.2276201
World,2020-12-14,1.1271949
World,2020-12-15,1.0643573
World,2020-12-16,1.1842743
World,2020-12-17,1.3061942
World,2020-12-18,1.3785449
World,2020-12-19,1.4249846
World,2020-12-20,3.2406383
World,2020-12-21,1.1961659
World,2020-12-22,1.084886
World,2020-12-23,1.2058043
World,2020-12-24,1.3600191
World,2020-12-25,1.3545114
World,2020-12-26,1.2586279
World,2020-12-27,2.778119
World,2020-12-28,1.023926
World,2020-12-29,1.1198095
World,2020-12-30,1.2688922
World,2020-12-31,1.4965843
World,2021-01-01,1.546654
World,2021-01-02,1.4105896
World,2021-01-03,2.9359639
World,2021-01-04,1.1458458
World,2021-01-05,1.1100459
World,2021-01-06,1.2928005
World,2021-01-07,1.5395191
World,2021-01-08,1.5609239
World,2021-01-09,1.6624403
World,2021-01-10,3.248399
World,2021-01-11,1.4274881
World,2021-01-12,1.336236
World,2021-01-13,1.4794354
World,2021-01-14,1.6697004
World,2021-01-15,1.7197701
World,2021-01-16,1.6603123
World,2021-01-17,3.3461602
World,2021-01-18,1.5093521
World,2021-01-19,1.405207
World,2021-01-20,1.4700474
World,2021-01-21,1.6230104
World,2021-01-22,1.7738454
World,2021-01-23,1.7042485
World,2021-01-24,3.4972456
World,2021-01-25,1.4692963
World,2021-01-26,1.3846785
World,2021-01-27,1.4397552
World,2021-01-28,1.718268
World,2021-01-29,1.6958618
World,2021-01-30,1.6505487
World,2021-01-31,3.2417648
World,2021-02-01,1.3672792
World,2021-02-02,1.2347196
World,2021-02-03,1.3303528
World,2021-02-04,1.4796858
World,2021-02-05,1.4758054
World,2021-02-06,1.3789204
World,2021-02-07,2.910303
World,2021-02-08,1.2223274
World,2021-02-09,1.058349
World,2021-02-10,1.1663744
World,2021-02-11,1.3238437
World,2021-02-12,1.3367367
World,2021-02-13,1.3598939
World,2021-02-14,2.7336822
World,2021-02-15,1.1790171
World,2021-02-16,0.97160316
World,2021-02-17,0.962841
World,2021-02-18,1.0261792
World,2021-02-19,1.1440934
World,2021-02-20,1.1637458
World,2021-02-21,2.118951
World,2021-02-22,0.971478
World,2021-02-23,0.8948713
World,2021-02-24,0.9479452
World,2021-02-25,1.0401987
World,2021-02-26,1.0926467
World,2021-02-27,1.1808946
World,2021-02-28,1.8839989
World,2021-03-01,0.9403096
World,2021-03-02,0.8236471
World,2021-03-03,0.899002
World,2021-03-04,0.9744822
World,2021-03-05,1.1004076
World,2021-03-06,0.99012893
World,2021-03-07,1.8429416
World,2021-03-08,0.88185316
World,2021-03-09,0.83766663
World,2021-03-10,0.8484316
World,2021-03-11,1.0036478
World,2021-03-12,1.1275704
World,2021-03-13,1.0574727
World,2021-03-14,1.8398123
World,2021-03-15,0.91414815
World,2021-03-16,0.82865405
World,2021-03-17,0.87371683
World,2021-03-18,1.1089194
World,2021-03-19,1.1249417
World,2021-03-20,1.1075425
World,2021-03-21,1.9509671
World,2021-03-22,1.2317154
World,2021-03-23,0.8663315
World,2021-03-24,0.988001
World,2021-03-25,1.1917849
World,2021-03-26,1.0826328
World,2021-03-27,1.1445941
World,2021-03-28,2.1427343
World,2021-03-29,1.122313
World,2021-03-30,1.0136617
World,2021-03-31,1.0464574
World,2021-04-01,1.3277241
World,2021-04-02,1.334859
World,2021-04-03,1.3473765
World,2021-04-04,2.2501338
World,2021-04-05,1.0222988
World,2021-04-06,0.8614497
World,2021-04-07,1.0728692
World,2021-04-08,1.5585456
World,2021-04-09,1.4781836
World,2021-04-10,1.5701869
World,2021-04-11,2.4978538
World,2021-04-12,1.2518685
World,2021-04-13,1.171882
World,2021-04-14,1.21707
World,2021-04-15,1.5490323
World,2021-04-16,1.5179892
World,2021-04-17,1.5338862
World,2021-04-18,2.5119984
World,2021-04-19,1.4268622
World,2021-04-20,1.2775292
World,2021-04-21,1.3567646
World,2021-04-22,1.638532
World,2021-04-23,1.6549299
World,2021-04-24,1.4869459
World,2021-04-25,2.6032505
World,2021-04-26,1.568935
World,2021-04-27,1.3623974
World,2021-04-28,1.4441363
World,2021-04-29,1.7735951
World,2021-04-30,1.717517
World,2021-05-01,1.6615641
World,2021-05-02,2.4889665
World,2021-05-03,1.5256248
World,2021-05-04,1.3209647
World,2021-05-05,1.4102141
World,2021-05-06,1.7051247
World,2021-05-07,1.6599368
World,2021-05-08,1.6154999
World,2021-05-09,2.3078392
World,2021-05-10,1.5067234
World,2021-05-11,1.3665282
World,2021-05-12,1.385054
World,2021-05-13,1.5859587
World,2021-05-14,1.5790741
World,2021-05-15,1.4864452
World,2021-05-16,2.0554876
World,2021-05-17,1.4677942
World,2021-05-18,1.3985728
World,2021-05-19,1.4342475
World,2021-05-20,1.5618001
World,2021-05-21,1.565305
World,2021-05-22,1.532259
World,2021-05-23,1.8286718
World,2021-05-24,1.3901861
World,2021-05-25,1.1345801
World,2021-05-26,1.3296018
World,2021-05-27,1.4339972
World,2021-05-28,1.447516
World,2021-05-29,1.3781694
World,2021-05-30,1.7251526
World,2021-05-31,1.2661383
World,2021-06-01,1.0428274
World,2021-06-02,1.1136761
World,2021-06-03,1.2688922
World,2021-06-04,1.2906725
World,2021-06-05,1.2377238
World,2021-06-06,1.3482528
World,2021-06-07,1.0855118
World,2021-06-08,0.9811164
World,2021-06-09,1.0135366
World,2021-06-10,1.6747074
World,2021-06-11,1.3905617
World,2021-06-12,1.3824253
World,2021-06-13,1.3819246
World,2021-06-14,1.2938019
World,2021-06-15,1.0162904
World,2021-06-16,0.9717283
World,2021-06-17,1.1954149
World,2021-06-18,1.1658738
World,2021-06-19,1.0611027
World,2021-06-20,1.1712562
World,2021-06-21,0.9981401
World,2021-06-22,0.8461785
World,2021-06-23,0.8811021
World,2021-06-24,1.0602266
World,2021-06-25,1.0692391
World,2021-06-26,1.0275561
World,2021-06-27,1.136583
World,2021-06-28,0.9113943
World,2021-06-29,0.82252055
World,2021-06-30,0.8168877
World,2021-07-01,1.028933
World,2021-07-02,1.1022851
World,2021-07-03,0.9973891
World,2021-07-04,1.0381958
World,2021-07-05,0.92466277
World,2021-07-06,0.83453727
World,2021-07-07,0.8981258
World,2021-07-08,1.0439539
World,2021-07-09,1.0149134
World,2021-07-10,1.0459567
World,2021-07-11,1.0728692
World,2021-07-12,0.9619647
World,2021-07-13,0.97498286
World,2021-07-14,0.92428726
World,2021-07-15,1.0180428
World,2021-07-16,1.0592252
World,2021-07-17,1.0299344
World,2021-07-18,1.0801293
World,2021-07-19,0.9418117
World,2021-07-20,0.9001286
World,2021-07-21,2.493848
World,2021-07-22,1.0348161
World,2021-07-23,1.0762489
World,2021-07-24,1.1039125
World,2021-07-25,1.1654981
World,2021-07-26,1.0764992
World,2021-07-27,1.0896425
World,2021-07-28,1.0737454
World,2021-07-29,1.2655125
World,2021-07-30,1.2131896
World,2021-07-31,1.1788919
World,2021-08-01,1.2504916
World,2021-08-02,1.1246914
World,2021-08-03,1.135206
World,2021-08-04,1.1548584
World,2021-08-05,1.2564999
World,2021-08-06,1.3105752
World,2021-08-07,1.2561244
World,2021-08-08,1.3880582
World,2021-08-09,1.2288364
World,2021-08-10,1.117181
World,2021-08-11,1.140213
World,2021-08-12,1.2880439
World,2021-08-13,1.26013
World,2021-08-14,1.2458601
World,2021-08-15,1.4440111
World,2021-08-16,1.2388504
World,2021-08-17,1.0611027
World,2021-08-18,1.1372088
World,2021-08-19,1.344873
World,2021-08-20,1.3490038
World,2021-08-21,1.2348448
World,2021-08-22,1.5753189
World,2021-08-23,1.2294623
World,2021-08-24,1.0617287
World,2021-08-25,1.2150673
World,2021-08-26,1.3379884
World,2021-08-27,1.2482384
World,2021-08-28,1.2499908
World,2021-08-29,1.5249989
World,2021-08-30,1.1153033
World,2021-08-31,1.1004076
World,2021-09-01,1.1469724
World,2021-09-02,1.21707
World,2021-09-03,1.2369727
World,2021-09-04,1.204177
World,2021-09-05,1.4750543
World,2021-09-06,1.1345801
World,2021-09-07,1.01241
World,2021-09-08,1.043328
World,2021-09-09,1.0381958
World,2021-09-10,1.0401987
World,2021-09-11,1.1589891
World,2021-09-12,1.4092126
World,2021-09-13,1.1024103
World,2021-09-14,0.8926182
World,2021-09-15,0.934176
World,2021-09-16,1.1404634
World,2021-09-17,1.1581129
World,2021-09-18,1.0233002
World,2021-09-19,1.3695323
World,2021-09-20,0.96334165
World,2021-09-21,0.78321576
World,2021-09-22,0.90438455
World,2021-09-23,1.0604769
World,2021-09-24,0.9707269
World,2021-09-25,0.9570829
World,2021-09-26,1.2979326
World,2021-09-27,0.7976108
World,2021-09-28,0.783341
World,2021-09-29,0.89662373
World,2021-09-30,0.9895031
World,2021-10-01,0.9504487
World,2021-10-02,0.8806014
World,2021-10-03,1.2608811
World,2021-10-04,0.71036434
World,2021-10-05,0.6279996
World,2021-10-06,0.7369013
World,2021-10-07,0.9174027
World,2021-10-08,0.8978755
World,2021-10-09,0.82715195
World,2021-10-10,1.3359857
World,2021-10-11,0.64627504
World,2021-10-12,0.66530156
World,2021-10-13,0.7087371
World,2021-10-14,0.8245233
World,2021-10-15,0.8157611
World,2021-10-16,0.77858436
World,2021-10-17,1.3299773
World,2021-10-18,0.6564142
World,2021-10-19,0.5925753
World,2021-10-20,0.83804214
World,2021-10-21,0.82076806
World,2021-10-22,0.8315331
World,2021-10-23,0.7964843
World,2021-10-24,1.6419117
World,2021-10-25,0.6520331
World,2021-10-26,0.5885697
World,2021-10-27,0.7598082
World,2021-10-28,0.9587102
World,2021-10-29,0.8801007
World,2021-10-30,0.8150101
World,2021-10-31,1.7156394
World,2021-11-01,0.5993347
World,2021-11-02,0.5759271
World,2021-11-03,0.74729073
World,2021-11-04,0.81651217
World,2021-11-05,0.7676942
World,2021-11-06,0.77570534
World,2021-11-07,1.8782408
World,2021-11-08,0.6119773
World,2021-11-09,0.5734236
World,2021-11-10,0.76393896
World,2021-11-11,0.8152604
World,2021-11-12,0.7863451
World,2021-11-13,0.7474159
World,2021-11-14,2.0263221
World,2021-11-15,0.67957145
World,2021-11-16,0.56879216
World,2021-11-17,0.783341
World,2021-11-18,0.84054565
World,2021-11-19,0.87259024
World,2021-11-20,1.0882657
World,2021-11-21,2.0144305
World,2021-11-22,0.618236
World,2021-11-23,0.6030899
World,2021-11-24,0.7923535
World,2021-11-25,0.85644275
World,2021-11-26,0.8261506
World,2021-11-27,0.66918194
World,2021-11-28,1.9161687
World,2021-11-29,0.6030899
World,2021-11-30,0.5994599
World,2021-12-01,0.8340366
World,2021-12-02,0.8571938
World,2021-12-03,0.8715889
World,2021-12-04,0.78096265
World,2021-12-05,2.1995633
World,2021-12-06,0.62449473
World,2021-12-07,0.59895915
World,2021-12-08,0.75542706
World,2021-12-09,0.8460533
World,2021-12-10,0.82377225
World,2021-12-11,0.72914046
World,2021-12-12,1.853957
World,2021-12-13,0.5769285
World,2021-12-14,0.59332633
World,2021-12-15,0.7466649
World,2021-12-16,0.8226457
World,2021-12-17,0.84730506
World,2021-12-18,0.68032247
World,2021-12-19,1.660062
World,2021-12-20,0.53436923
World,2021-12-21,0.60008574
World,2021-12-22,0.7747039
World,2021-12-23,0.85268754
World,2021-12-24,0.79598355
World,2021-12-25,0.9016307
World,2021-12-26,1.3706589
World,2021-12-27,0.48192117
World,2021-12-28,0.52448046
World,2021-12-29,0.7863451
World,2021-12-30,0.86770844
World,2021-12-31,0.7466649
World,2022-01-01,0.6693072
World,2022-01-02,1.2673901
World,2022-01-03,0.4682772
World,2022-01-04,0.5008225
World,2022-01-05,0.78471786
World,2022-01-06,0.9023818
World,2022-01-07,0.77220047
World,2022-01-08,0.78684586
World,2022-01-09,1.4979612
World,2022-01-10,0.5649118
World,2022-01-11,0.6537855
World,2022-01-12,0.85556656
World,2022-01-13,1.0609776
World,2022-01-14,0.8914916
World,2022-01-15,0.8514358
World,2022-01-16,1.6738311
World,2022-01-17,0.7830906
World,2022-01-18,0.6925896
World,2022-01-19,0.8334107
World,2022-01-20,1.0177925
World,2022-01-21,1.1357067
World,2022-01-22,1.0314364
World,2022-01-23,1.9831369
World,2022-01-24,0.76894593
World,2022-01-25,0.8324093
World,2022-01-26,1.0880153
World,2022-01-27,1.2036763
World,2022-01-28,1.2305888
World,2022-01-29,1.1685023
World,2022-01-30,2.1991878
World,2022-01-31,0.9861234
World,2022-02-01,0.8807266
World,2022-02-02,1.2751509
World,2022-02-03,1.4595327
World,2022-02-04,1.3289759
World,2022-02-05,1.2578769
World,2022-02-06,2.3090909
World,2022-02-07,1.026805
World,2022-02-08,0.9469438
World,2022-02-09,1.3110759
World,2022-02-10,1.4655411
World,2022-02-11,1.315457
World,2022-02-12,1.1985443
World,2022-02-13,2.3058364
World,2022-02-14,0.8794748
World,2022-02-15,0.8359142
World,2022-02-16,1.1787667
World,2022-02-17,1.2722719
World,2022-02-18,1.2707698
World,2022-02-19,1.135206
World,2022-02-20,2.1416075
World,2022-02-21,0.7879724
World,2022-02-22,0.7870962
World,2022-02-23,0.873842
World,2022-02-24,1.199045
World,2022-02-25,1.0876398
World,2022-02-26,1.0592252
World,2022-02-27,1.6505487
World,2022-02-28,0.84054565
World,2022-03-01,0.67957145
World,2022-03-02,0.9170272
World,2022-03-03,0.8456778
World,2022-03-04,0.9834947
World,2022-03-05,0.7908514
World,2022-03-06,1.4420083
World,2022-03-07,0.59895915
World,2022-03-08,0.584439
World,2022-03-09,0.7322698
World,2022-03-10,0.7690711
World,2022-03-11,0.82477367
World,2022-03-12,0.7074853
World,2022-03-13,1.2627586
World,2022-03-14,0.5286112
World,2022-03-15,0.4555094
World,2022-03-16,0.48843023
World,2022-03-17,0.6678051
World,2022-03-18,0.6594184
World,2022-03-19,0.61460596
World,2022-03-20,1.1238152
World,2022-03-21,0.45826322
World,2022-03-22,1.7981293
World,2022-03-23,0.51959866
World,2022-03-24,0.5437573
World,2022-03-25,0.5461356
World,2022-03-26,0.9856227
World,2022-03-27,0.9660955
World,2022-03-28,0.34886086
World,2022-03-29,0.35048813
World,2022-03-30,0.45776254
World,2022-03-31,0.45626044
World,2022-04-01,0.49268615
World,2022-04-02,0.41182354
World,2022-04-03,0.8441757
World,2022-04-04,0.2871499
World,2022-04-05,0.2974142
World,2022-04-06,0.3320875
World,2022-04-07,0.37176776
World,2022-04-08,0.41119766
World,2022-04-09,0.36788735
World,2022-04-10,0.7957332
World,2022-04-11,0.264243
World,2022-04-12,0.22356136
World,2022-04-13,0.29566178
World,2022-04-14,0.3379707
World,2022-04-15,0.3154393
World,2022-04-16,0.31393722
World,2022-04-17,0.6531597
World,2022-04-18,0.21767816
World,2022-04-19,0.18037622
World,2022-04-20,0.24396478
World,2022-04-21,0.28014016
World,2022-04-22,0.3004184
World,2022-04-23,0.28364503
World,2022-04-24,0.600962
World,2022-04-25,0.18613423
World,2022-04-26,0.34072453
World,2022-04-27,0.19815096
World,2022-04-28,0.2579843
World,2022-04-29,0.2731304
World,2022-04-30,0.20466003
World,2022-05-01,0.5750509
World,2022-05-02,0.17561959
World,2022-05-03,0.13781694
World,2022-05-04,0.1584707
World,2022-05-05,0.23532774
World,2022-05-06,0.24158646
World,2022-05-07,0.18413144
World,2022-05-08,0.48254704
World,2022-05-09,0.13669036
World,2022-05-10,0.10276812
World,2022-05-11,0.15333855
World,2022-05-12,0.2062873
World,2022-05-13,0.1980258
World,2022-05-14,0.16748326
World,2022-05-15,0.4374843
World,2022-05-16,0.12943026
World,2022-05-17,0.103894696
World,2022-05-18,0.15859587
World,2022-05-19,0.18976429
World,2022-05-20,0.17899929
World,2022-05-21,0.141447
World,2022-05-22,0.39717814
World,2022-05-23,0.10752475
World,2022-05-24,0.1023926
World,2022-05-25,0.15922175
World,2022-05-26,0.1980258
World,2022-05-27,0.20228171
World,2022-05-28,0.1648546
World,2022-05-29,0.35962585
World,2022-05-30,0.11328277
World,2022-05-31,0.08549407
World,2022-06-01,0.1365652
World,2022-06-02,0.1638532
World,2022-06-03,0.1736168
World,2022-06-04,0.14470153
World,2022-06-05,0.34310284
World,2022-06-06,0.08912412
World,2022-06-07,0.097010106
World,2022-06-08,0.13869315
World,2022-06-09,0.18212865
World,2022-06-10,0.21029288
World,2022-06-11,0.13255961
World,2022-06-12,0.32445186
World,2022-06-13,0.09888772
World,2022-06-14,0.08549407
World,2022-06-15,0.13080718
World,2022-06-16,0.14632879
World,2022-06-17,0.19502161
World,2022-06-18,0.1428239
World,2022-06-19,0.34823498
World,2022-06-20,0.10139121
World,2022-06-21,0.103268825
World,2022-06-22,0.114284165
World,2022-06-23,0.18262935
World,2022-06-24,0.18125243
World,2022-06-25,0.2155502
World,2022-06-26,0.40418792
World,2022-06-27,0.1326848
World,2022-06-28,0.09112691
World,2022-06-29,0.13931903
World,2022-06-30,0.20077963
World,2022-07-01,0.18713562
World,2022-07-02,0.2121705
World,2022-07-03,0.4570115
World,2022-07-04,0.1394442
World,2022-07-05,0.1028933
World,2022-07-06,0.13230927
World,2022-07-07,0.20791456
World,2022-07-08,0.23094665
World,2022-07-09,0.23670466
World,2022-07-10,0.51146233
World,2022-07-11,0.1599728
World,2022-07-12,0.11816457
World,2022-07-13,0.18500766
World,2022-07-14,0.23595361
World,2022-07-15,0.25986192
World,2022-07-16,0.26098847
World,2022-07-17,0.61460596
World,2022-07-18,0.18350556
World,2022-07-19,0.1487071
World,2022-07-20,0.2072887
World,2022-07-21,0.27713597
World,2022-07-22,0.28026533
World,2022-07-23,0.3047995
World,2022-07-24,0.6719358
World,2022-07-25,0.23244873
World,2022-07-26,0.16860983
World,2022-07-27,0.2301956
World,2022-07-28,0.27688563
World,2022-07-29,0.280015
World,2022-07-30,0.33321407
World,2022-07-31,0.69759655
World,2022-08-01,0.18638457
World,2022-08-02,0.16698256
World,2022-08-03,0.25347802
World,2022-08-04,0.29228207
World,2022-08-05,0.27913874
World,2022-08-06,0.33534202
World,2022-08-07,0.63313174
World,2022-08-08,0.19977823
World,2022-08-09,0.1779979
World,2022-08-10,0.2413361
World,2022-08-11,0.3329637
World,2022-08-12,0.27951428
World,2022-08-13,0.32657984
World,2022-08-14,0.60872275
World,2022-08-15,0.19790062
World,2022-08-16,0.16447908
World,2022-08-17,0.24045989
World,2022-08-18,0.28164226
World,2022-08-19,0.29616246
World,2022-08-20,0.3125603
World,2022-08-21,0.50658053
World,2022-08-22,0.18851255
World,2022-08-23,0.17274058
World,2022-08-24,0.23132217
World,2022-08-25,0.27037656
World,2022-08-26,0.28389537
World,2022-08-27,0.28752545
World,2022-08-28,0.4671506
World,2022-08-29,0.17336644
World,2022-08-30,0.1604735
World,2022-08-31,0.21279636
World,2022-09-01,0.25810948
World,2022-09-02,0.26173952
World,2022-09-03,0.28101638
World,2022-09-04,0.39429915
World,2022-09-05,0.15984762
World,2022-09-06,0.14382531
World,2022-09-07,0.1487071
World,2022-09-08,0.21354741
World,2022-09-09,0.20328312
World,2022-09-10,0.21780333
World,2022-09-11,0.34022382
World,2022-09-12,0.12955543
World,2022-09-13,0.11941631
World,2022-09-14,0.15621756
World,2022-09-15,0.19139156
World,2022-09-16,0.22356136
World,2022-09-17,0.23482704
World,2022-09-18,0.2882765
World,2022-09-19,0.10226743
World,2022-09-20,0.09550802
World,2022-09-21,0.14132182
World,2022-09-22,0.1896391
World,2022-09-23,0.17975034
World,2022-09-24,0.23545292
World,2022-09-25,0.3218232
World,2022-09-26,0.08486819
World,2022-09-27,0.09726045
World,2022-09-28,0.13518828
World,2022-09-29,0.15659308
World,2022-09-30,0.24121094
World,2022-10-01,0.20153067
World,2022-10-02,0.36162865
World,2022-10-03,0.11904079
World,2022-10-04,0.101891905
World,2022-10-05,0.13255961
World,2022-10-06,0.17098814
World,2022-10-07,0.21542503
World,2022-10-08,0.21054323
World,2022-10-09,0.4501269
World,2022-10-10,0.10101569
World,2022-10-11,0.09813668
World,2022-10-12,0.12955543
World,2022-10-13,0.1574693
World,2022-10-14,0.18976429
World,2022-10-15,0.2194306
World,2022-10-16,0.4667751
World,2022-10-17,0.09575836
World,2022-10-18,0.09112691
World,2022-10-19,0.1545903
World,2022-10-20,0.16460425
World,2022-10-21,0.10276812
World,2022-10-22,0.42396545
World,2022-10-23,0.44824928
World,2022-10-24,0.08148849
World,2022-10-25,0.08173884
World,2022-10-26,0.12705195
World,2022-10-27,0.10151638
World,2022-10-28,0.49143443
World,2022-10-29,0.15484065
World,2022-10-30,0.4018096
World,2022-10-31,0.08286541
World,2022-11-01,0.08299058
World,2022-11-02,0.2682486
World,2022-11-03,0.093505226
World,2022-11-04,0.3925467
World,2022-11-05,0.14758053
World,2022-11-06,0.32995954
World,2022-11-07,0.08962482
World,2022-11-08,0.08023675
World,2022-11-09,0.08637029
World,2022-11-10,0.10001429
World,2022-11-11,0.3852866
World,2022-11-12,0.13255961
World,2022-11-13,0.31581482
World,2022-11-14,0.08223954
World,2022-11-15,0.08511855
World,2022-11-16,0.090876564
World,2022-11-17,0.0980115
World,2022-11-18,0.37089154
World,2022-11-19,0.12930508
World,2022-11-20,0.31556448
World,2022-11-21,0.08611994
World,2022-11-22,0.07748291
World,2022-11-23,0.09726045
World,2022-11-24,0.115786254
World,2022-11-25,0.446622
World,2022-11-26,0.1345624
World,2022-11-27,0.32107216
World,2022-11-28,0.092879355
World,2022-11-29,0.10477091
World,2022-11-30,0.11052893
World,2022-12-01,0.103268825
World,2022-12-02,0.3359679
World,2022-12-03,0.15884623
World,2022-12-04,0.3627552
World,2022-12-05,0.110278584
World,2022-12-06,0.10351917
World,2022-12-07,0.13669036
World,2022-12-08,0.13969456
World,2022-12-09,0.5292371
World,2022-12-10,0.16923569
World,2022-12-11,0.4145774
World,2022-12-12,0.13105753
World,2022-12-13,0.12655126
World,2022-12-14,0.1682343
World,2022-12-15,0.13443723
World,2022-12-16,0.5331175
World,2022-12-17,0.21254602
World,2022-12-18,0.5339937
World,2022-12-19,0.17962517
World,2022-12-20,0.17712168
World,2022-12-21,0.2268159
World,2022-12-22,0.25660738
World,2022-12-23,0.6377632
World,2022-12-24,0.33947277
World,2022-12-25,0.7256356
World,2022-12-26,0.31631553
World,2022-12-27,0.25147524
World,2022-12-28,0.3964271
World,2022-12-29,0.44499475
World,2022-12-30,0.8339114
World,2022-12-31,0.8324093
World,2023-01-01,0.9773612
World,2023-01-02,0.6531597
World,2023-01-03,0.6470261
World,2023-01-04,0.6968455
World,2023-01-05,0.10176673
World,2023-01-06,0.449501
World,2023-01-07,0.14808123
World,2023-01-08,0.37915304
World,2023-01-09,0.084617846
World,2023-01-10,0.063964084
World,2023-01-11,0.09400592
World,2023-01-12,0.06934658
World,2023-01-13,0.6336325
World,2023-01-14,0.13831763
World,2023-01-15,0.2798898
World,2023-01-16,0.07823396
World,2023-01-17,0.05945781
World,2023-01-18,0.065966874
World,2023-01-19,0.06721862
World,2023-01-20,0.54638594
World,2023-01-21,0.15684344
World,2023-01-22,0.24221233
World,2023-01-23,0.05758019
World,2023-01-24,0.046314504
World,2023-01-25,0.055952925
World,2023-01-26,0.060834724
World,2023-01-27,0.5408783
World,2023-01-28,0.08974999
World,2023-01-29,0.20002858
World,2023-01-30,0.04656485
World,2023-01-31,0.045563456
World,2023-02-01,7.155841
World,2023-02-02,0.14307426
World,2023-02-03,0.96371716
World,2023-02-04,0.12542468
World,2023-02-05,0.24296337
World,2023-02-06,0.078359134
World,2023-02-07,0.06822001
World,2023-02-08,0.08286541
World,2023-02-09,0.20165585
World,2023-02-10,0.5063302
World,2023-02-11,0.10902684
World,2023-02-12,0.21855438
World,2023-02-13,0.05520188
World,2023-02-14,0.05933263
World,2023-02-15,0.087496854
World,2023-02-16,0.08611994
World,2023-02-17,0.4344801
World,2023-02-18,0.10114086
World,2023-02-19,0.24534169
World,2023-02-20,0.049819384
World,2023-02-21,0.052448045
World,2023-02-22,0.061335422
World,2023-02-23,0.058206063
World,2023-02-24,0.09075139
World,2023-02-25,0.42534238
World,2023-02-26,0.23495223
World,2023-02-27,0.052823566
World,2023-02-28,0.05144665
World,2023-03-01,0.060959898
World,2023-03-02,0.06571652
World,2023-03-03,0.06771931
World,2023-03-04,0.37452158
World,2023-03-05,0.20365864
World,2023-03-06,0.057830542
World,2023-03-07,0.045187935
World,2023-03-08,0.05495153
World,2023-03-09,0.05833124
World,2023-03-10,0.04906834
World,2023-03-11,0.32645467
World,2023-03-12,0.20203137
World,2023-03-13,0.08962482
World,2023-03-14,0.052448045
World,2023-03-15,0.05933263
World,2023-03-16,0.04656485
World,2023-03-17,0.05457601
World,2023-03-18,0.30354774
World,2023-03-19,0.22306065
World,2023-03-20,0.08549407
World,2023-03-21,0.050695606
World,2023-03-22,0.053574614
World,2023-03-23,0.057830542
World,2023-03-24,0.045187935
World,2023-03-25,0.3285826
World,2023-03-26,0.21867956
World,2023-03-27,0.056578796
World,2023-03-28,0.042684447
World,2023-03-29,0.047816593
World,2023-03-30,0.08637029
World,2023-03-31,0.055952925
World,2023-04-01,0.28214294
World,2023-04-02,0.18688528
World,2023-04-03,0.046815198
World,2023-04-04,0.028790096
World,2023-04-05,0.036050208
World,2023-04-06,0.04568863
World,2023-04-07,0.030542538
World,2023-04-08,0.041933402
World,2023-04-09,0.4764135
World,2023-04-10,0.048192117
World,2023-04-11,0.029916665
World,2023-04-12,0.04456206
World,2023-04-13,0.037427124
World,2023-04-14,0.037427124
World,2023-04-15,0.044311713
World,2023-04-16,0.41432703
World,2023-04-17,0.050445255
World,2023-04-18,0.03292085
World,2023-04-19,0.035674684
World,2023-04-20,0.04418654
World,2023-04-21,0.035674684
World,2023-04-22,0.031543933
World,2023-04-23,0.4295983
World,2023-04-24,0.052948743
World,2023-04-25,0.033296373
World,2023-04-26,0.033421546
World,2023-04-27,0.034047417
World,2023-04-28,0.036801253
World,2023-04-29,0.03492364
World,2023-04-30,0.3671363
World,2023-05-01,0.045187935
World,2023-05-02,0.0277887
World,2023-05-03,0.030667711
World,2023-05-04,0.033296373
World,2023-05-05,0.031669106
World,2023-05-06,0.032795675
World,2023-05-07,0.39004323
World,2023-05-08,0.045438282
World,2023-05-09,0.026161436
World,2023-05-10,0.025911087
World,2023-05-11,0.025911087
World,2023-05-12,0.022656554
World,2023-05-13,0.030167013
World,2023-05-14,0.45763734
World,2023-05-15,0.04356067
World,2023-05-16,0.121293925
World,2023-05-17,0.018025104
World,2023-05-18,0.02140481
World,2023-05-19,0.016397838
World,2023-05-20,0.026662132
World,2023-05-21,0.10965271
World,2023-05-22,0.048943162
World,2023-05-23,0.1175387
World,2023-05-24,0.017524406
World,2023-05-25,0.026161436
World,2023-05-26,0.011015341
World,2023-05-27,0.019402022
World,2023-05-28,0.10915202
World,2023-05-29,0.03930474
World,2023-05-30,0.10164156
World,2023-05-31,0.010639818
World,2023-06-01,0.010639818
World,2023-06-02,0.01764958
World,2023-06-03,0.022656554
World,2023-06-04,0.09951359
World,2023-06-05,0.04043131
World,2023-06-06,0.09525766
World,2023-06-07,0.012267085
World,2023-06-08,0.0097635975
World,2023-06-09,0.010139121
World,2023-06-10,0.016022315
World,2023-06-11,0.115786254
World,2023-06-12,0.026536958
World,2023-06-13,0.0892493
World,2023-06-14,0.0066342396
World,2023-06-15,0.008511854
World,2023-06-16,0.0077608083
World,2023-06-17,0.015646791
World,2023-06-18,0.07798361
World,2023-06-19,0.025660738
World,2023-06-20,0.08311576
World,2023-06-21,0.0058831936
World,2023-06-22,0.005257322
World,2023-06-23,0.005006973
World,2023-06-24,0.020153068
World,2023-06-25,0.0511963
World,2023-06-26,0.023282425
World,2023-06-27,0.07798361
World,2023-06-28,0.004506276
World,2023-06-29,0.004255927
World,2023-06-30,0.002253138
World,2023-07-01,0.009137726
World,2023-07-02,0.02140481
World,2023-07-03,0.03242015
World,2023-07-04,0.0712242
World,2023-07-05,0.0031293582
World,2023-07-06,0.002628661
World,2023-07-07,0.0028790096
World,2023-07-08,0.0058831936
World,2023-07-09,0.015646791
World,2023-07-10,0.017274057
World,2023-07-11,0.07247594
World,2023-07-12,0.0041307528
World,2023-07-13,0.0021279636
World,2023-07-14,0.002253138
World,2023-07-15,0.0062587163
World,2023-07-16,0.01214191
World,2023-07-17,0.027288005
World,2023-07-18,0.07798361
World,2023-07-19,0.0032545326
World,2023-07-20,0.0031293582
World,2023-07-21,0.0025034866
World,2023-07-22,0.0028790096
World,2023-07-23,0.01038947
World,2023-07-24,0.029290793
World,2023-07-25,0.082615055
World,2023-07-26,0.0025034866
World,2023-07-27,0.0025034866
World,2023-07-28,0.00375523
World,2023-07-29,0.0036300556
World,2023-07-30,0.013644002
World,2023-07-31,0.03842852
World,2023-08-01,0.09738563
World,2023-08-02,0.029666316
World,2023-08-03,0.0047566243
World,2023-08-04,0.0048817988
World,2023-08-05,0.0048817988
World,2023-08-06,0.016272662
World,2023-08-07,0.014770571
World,2023-08-08,0.11616178
World,2023-08-09,0.0053824964
World,2023-08-10,0.0038804042
World,2023-08-11,0.004506276
World,2023-08-12,0.00838668
World,2023-08-13,0.016272662
World,2023-08-14,0.03667608
World,2023-08-15,0.13218409
World,2023-08-16,0.0048817988
World,2023-08-17,0.005006973
World,2023-08-18,0.0063838908
World,2023-08-19,0.008011158
World,2023-08-20,0.017399233
World,2023-08-21,0.035799857
World,2023-08-22,0.16698256
World,2023-08-23,0.0063838908
World,2023-08-24,0.0061335424
World,2023-08-25,0.005758019
World,2023-08-26,0.00838668
World,2023-08-27,0.023783123
World,2023-08-28,0.0142698735
World,2023-08-29,0.1667322
World,2023-08-30,0.006509065
World,2023-08-31,0.0073852856
World,2023-09-01,0.0073852856
World,2023-09-02,0.018400626
World,2023-09-03,0.020153068
World,2023-09-04,0.034047417
World,2023-09-05,0.18688528
World,2023-09-06,0.0063838908
World,2023-09-07,0.009888772
World,2023-09-08,0.010264295
World,2023-09-09,0.00751046
World,2023-09-10,0.03004184
World,2023-09-11,0.02052859
World,2023-09-12,0.19990341
World,2023-09-13,0.0077608083
World,2023-09-14,0.009262901
World,2023-09-15,0.009137726
World,2023-09-16,0.009638423
World,2023-09-17,0.028414574
World,2023-09-18,0.019527195
World,2023-09-19,0.2024069
World,2023-09-20,0.010139121
World,2023-09-21,0.009888772
World,2023-09-22,0.010764993
World,2023-09-23,0.00838668
World,2023-09-24,0.033421546
World,2023-09-25,0.019402022
World,2023-09-26,0.21580055
World,2023-09-27,0.009513249
World,2023-09-28,0.010890167
World,2023-09-29,0.010890167
World,2023-09-30,0.016898535
World,2023-10-01,0.03292085
World,2023-10-02,0.038553692
World,2023-10-03,0.21091875
World,2023-10-04,0.011015341
World,2023-10-05,0.010139121
World,2023-10-06,0.013518828
World,2023-10-07,0.0127677815
World,2023-10-08,0.0375523
World,2023-10-09,0.025535563
World,2023-10-10,0.19677405
World,2023-10-11,0.012517433
World,2023-10-12,0.013518828
World,2023-10-13,0.0142698735
World,2023-10-14,0.013393654
World,2023-10-15,0.04531311
World,2023-10-16,0.032294977
World,2023-10-17,0.21242084
World,2023-10-18,0.015771966
World,2023-10-19,0.013143305
World,2023-10-20,0.016022315
World,2023-10-21,0.17223988
World,2023-10-22,0.045438282
World,2023-10-23,0.022531379
World,2023-10-24,0.19176708
World,2023-10-25,0.004506276
World,2023-10-26,0.0070097623
World,2023-10-27,0.0063838908
World,2023-10-28,0.0058831936
World,2023-10-29,0.03379707
World,2023-10-30,0.11340795
World,2023-10-31,0.17449301
World,2023-11-01,0.000375523
World,2023-11-02,0.0032545326
World,2023-11-03,0
World,2023-11-04,0.00012517434
World,2023-11-05,0.008762203
World,2023-11-06,0.14319943
World,2023-11-07,0.19364469
World,2023-11-08,0.000751046
World,2023-11-09,0
World,2023-11-10,0.00025034868
World,2023-11-11,0.00025034868
World,2023-11-12,0.0048817988
World,2023-11-13,0.14257357
World,2023-11-14,0.20065445
World,2023-11-15,0.000375523
World,2023-11-16,0.00012517434
World,2023-11-17,0.00012517434
World,2023-11-18,0.000375523
World,2023-11-19,0.00375523
World,2023-11-20,0.13931903
World,2023-11-21,0.1994027
World,2023-11-22,0.00012517434
World,2023-11-23,0
World,2023-11-24,0.00025034868
World,2023-11-25,0.000375523
World,2023-11-26,0.0035048812
World,2023-11-27,0.16911052
World,2023-11-28,0.23883262
World,2023-11-29,0
World,2023-11-30,0.00025034868
World,2023-12-01,0
World,2023-12-02,0.0017524406
World,2023-12-03,0.0032545326
World,2023-12-04,0.1896391
World,2023-12-05,0.24296337
World,2023-12-06,0.00012517434
World,2023-12-07,0.000375523
World,2023-12-08,0.000375523
World,2023-12-09,0.00062587165
World,2023-12-10,0.003004184
World,2023-12-11,0.20228171
World,2023-12-12,0.24684379
World,2023-12-13,0.00012517434
World,2023-12-14,0.00025034868
World,2023-12-15,0.000375523
World,2023-12-16,0.0010013947
World,2023-12-17,0.005006973
World,2023-12-18,0.18851255
World,2023-12-19,0.2574836
World,2023-12-20,0.0008762203
World,2023-12-21,0.0023783122
World,2023-12-22,0.0008762203
World,2023-12-23,0.0017524406
World,2023-12-24,0.004255927
World,2023-12-25,0.17411749
World,2023-12-26,0.3002932
World,2023-12-27,0.00062587165
World,2023-12-28,0.0008762203
World,2023-12-29,0.001126569
World,2023-12-30,0.001502092
World,2023-12-31,0.0053824964
World,2024-01-01,0.18112725
World,2024-01-02,0.33972314
World,2024-01-03,0.001126569
World,2024-01-04,0.0008762203
World,2024-01-05,0.0017524406
World,2024-01-06,0.001126569
World,2024-01-07,0.009012552
World,2024-01-08,0.14545257
World,2024-01-09,0.3578734
World,2024-01-10,0.0008762203
World,2024-01-11,0.001126569
World,2024-01-12,0.000751046
World,2024-01-13,0.0010013947
World,2024-01-14,0.0031293582
World,2024-01-15,0.12517433
World,2024-01-16,0.3223239
World,2024-01-17,0.000751046
World,2024-01-18,0.00062587165
World,2024-01-19,0.00050069735
World,2024-01-20,0.0023783122
World,2024-01-21,0.0043811016
World,2024-01-22,0.08223954
World,2024-01-23,0.29140586
World,2024-01-24,0.00062587165
World,2024-01-25,0.00025034868
World,2024-01-26,0.00050069735
World,2024-01-27,0.0023783122
World,2024-01-28,0.002253138
World,2024-01-29,0.06559135
World,2024-01-30,0.2399592
World,2024-01-31,0.000375523
World,2024-02-01,0.0008762203
World,2024-02-02,0.000375523
World,2024-02-03,0.001502092
World,2024-02-04,0.004005579
World,2024-02-05,0.056829147
World,2024-02-06,0.22268513
World,2024-02-07,0.000375523
World,2024-02-08,0.00012517434
World,2024-02-09,0.00012517434
World,2024-02-10,0.0010013947
World,2024-02-11,0.001502092
World,2024-02-12,0.035799857
World,2024-02-13,0.1926433
World,2024-02-14,0.00012517434
World,2024-02-15,0.00012517434
World,2024-02-16,0.000375523
World,2024-02-17,0.0010013947
World,2024-02-18,0.0035048812
World,2024-02-19,0.034297768
World,2024-02-20,0.18212865
World,2024-02-21,0.00025034868
World,2024-02-22,0.00025034868
World,2024-02-23,0.00012517434
World,2024-02-24,0.00050069735
World,2024-02-25,0.005006973
World,2024-02-26,0.030167013
World,2024-02-27,0.17536923
World,2024-02-28,0.00012517434
World,2024-02-29,0.00062587165
World,2024-03-01,0.0043811016
World,2024-03-02,0.00050069735
World,2024-03-03,0.0032545326
World,2024-03-04,0.025535563
World,2024-03-05,0.1540896
World,2024-03-06,0
World,2024-03-07,0.00062587165
World,2024-03-08,0.00025034868
World,2024-03-09,0.0008762203
World,2024-03-10,0.002253138
World,2024-03-11,0.023783123
World,2024-03-12,0.1424484
World,2024-03-13,0.00025034868
World,2024-03-14,0.00012517434
World,2024-03-15,0.00062587165
World,2024-03-16,0.00062587165
World,2024-03-17,0.00050069735
World,2024-03-18,0.028790096
World,2024-03-19,0.11954149
World,2024-03-20,0.00025034868
World,2024-03-21,0.0047566243
World,2024-03-22,0.00025034868
World,2024-03-23,0.0008762203
World,2024-03-24,0.0035048812
World,2024-03-25,0.02140481
World,2024-03-26,0.10013946
World,2024-03-27,0
World,2024-03-28,0.000375523
World,2024-03-29,0.00050069735
World,2024-03-30,0.000751046
World,2024-03-31,0.0025034866
World,2024-04-01,0.022155857
World,2024-04-02,0.087371685
World,2024-04-03,0.00025034868
World,2024-04-04,0.00025034868
World,2024-04-05,0.000375523
World,2024-04-06,0.00050069735
World,2024-04-07,0.0025034866
World,2024-04-08,0.02077894
World,2024-04-09,0.08173884
World,2024-04-10,0.00025034868
World,2024-04-11,0.00025034868
World,2024-04-12,0
World,2024-04-13,0.0008762203
World,2024-04-14,0.0013769176
World,2024-04-15,0.016022315
World,2024-04-16,0.071474545
World,2024-04-17,0.00012517434
World,2024-04-18,0.00025034868
World,2024-04-19,0.00012517434
World,2024-04-20,0.00062587165
World,2024-04-21,0.002253138
World,2024-04-22,0.017774755
World,2024-04-23,0.0604592
World,2024-04-24,0
World,2024-04-25,0.00012517434
World,2024-04-26,0
World,2024-04-27,0.001126569
World,2024-04-28,0.0008762203
World,2024-04-29,0.013518828
World,2024-04-30,0.06008368
World,2024-05-01,0.0017524406
World,2024-05-02,0.00012517434
World,2024-05-03,0.00012517434
World,2024-05-04,0.0016272663
World,2024-05-05,0.000751046
World,2024-05-06,0.017274057
World,2024-05-07,0.047816593
World,2024-05-08,0.000375523
World,2024-05-09,0
World,2024-05-10,0.00025034868
World,2024-05-11,0.001502092
World,2024-05-12,0.00062587165
World,2024-05-13,0.00838668
World,2024-05-14,0.048066944
World,2024-05-15,0.00025034868
World,2024-05-16,0.00025034868
World,2024-05-17,0.000751046
World,2024-05-18,0.0021279636
World,2024-05-19,0.0017524406
World,2024-05-20,0.015271269
World,2024-05-21,0.049318686
World,2024-05-22,0
World,2024-05-23,0
World,2024-05-24,0.00012517434
World,2024-05-25,0.000751046
World,2024-05-26,0.0012517433
World,2024-05-27,0.013769177
World,2024-05-28,0.04481241
World,2024-05-29,0.00012517434
World,2024-05-30,0.00012517434
World,2024-05-31,0.00025034868
World,2024-06-01,0.001877615
World,2024-06-02,0.0013769176
World,2024-06-03,0.021279637
World,2024-06-04,0.04393619
World,2024-06-05,0
World,2024-06-06,0
World,2024-06-07,0
World,2024-06-08,0.000751046
World,2024-06-09,0.00062587165
World,2024-06-10,0.018901324
World,2024-06-11,0.050194908
World,2024-06-12,0
World,2024-06-13,0
World,2024-06-14,0
World,2024-06-15,0.0010013947
World,2024-06-16,0.000751046
World,2024-06-17,0.030792885
World,2024-06-18,0.058831934
World,2024-06-19,0
World,2024-06-20,0.00050069735
World,2024-06-21,0
World,2024-06-22,0.001502092
World,2024-06-23,0.000375523
World,2024-06-24,0.0277887
World,2024-06-25,0.05870676
World,2024-06-26,0
World,2024-06-27,0
World,2024-06-28,0.00012517434
World,2024-06-29,0.0020027894
World,2024-06-30,0.00050069735
World,2024-07-01,0.030542538
World,2024-07-02,0.07084867
World,2024-07-03,0
World,2024-07-04,0
World,2024-07-05,0
World,2024-07-06,0.0013769176
World,2024-07-07,0.00062587165
World,2024-07-08,0.033421546
World,2024-07-09,0.07860948
World,2024-07-10,0
World,2024-07-11,0
World,2024-07-12,0
World,2024-07-13,0.000751046
World,2024-07-14,0.00025034868
World,2024-07-15,0.037051603
World,2024-07-16,0.09613389
World,2024-07-17,0
World,2024-07-18,0.00012517434
World,2024-07-19,0
World,2024-07-20,0.000375523
World,2024-07-21,0.0008762203
World,2024-07-22,0.042934794
World,2024-07-23,0.11403382
World,2024-07-24,0
World,2024-07-25,0
World,2024-07-26,0.00012517434
World,2024-07-27,0.00025034868
World,2024-07-28,0.001126569
World,2024-07-29,0.038553692
World,2024-07-30,0.12867922
World,2024-07-31,0
World,2024-08-01,0.00025034868
World,2024-08-02,0
World,2024-08-03,0.00012517434
World,2024-08-04,0.0016272663
World,2024-08-05,0.042934794
World,2024-08-06,0.13906868
World,2024-08-07,0
World,2024-08-08,0
World,2024-08-09,0
World,2024-08-10,0.00050069735
World,2024-08-11,0.00062587165
World,2024-08-12,0.038303345
World,2024-08-13,0.13956937
World,2024-08-14,0
World,2024-08-15,0
World,2024-08-16,0
World,2024-08-17,0.00012517434
World,2024-08-18,0.0012517433
World,2024-08-19,0.04769142
World,2024-08-20,0.16122454
World,2024-08-21,0
World,2024-08-22,0
World,2024-08-23,0
World,2024-08-24,0
World,2024-08-25,0.00050069735
World,2024-08-26,0.04656485
World,2024-08-27,0.17274058
World,2024-08-28,0
World,2024-08-29,0
World,2024-08-30,0
World,2024-08-31,0.00012517434
World,2024-09-01,0.002628661
World,2024-09-02,0.044937585
World,2024-09-03,0.1555917
World,2024-09-04,0
World,2024-09-05,0
World,2024-09-06,0
World,2024-09-07,0.00012517434
World,2024-09-08,0.0008762203
World,2024-09-09,0.037427124
World,2024-09-10,0.15834554
World,2024-09-11,0
World,2024-09-12,0
World,2024-09-13,0
World,2024-09-14,0.00025034868
World,2024-09-15,0.00012517434
World,2024-09-16,0.035799857
World,2024-09-17,0.13969456
World,2024-09-18,0
World,2024-09-19,0
World,2024-09-20,0
World,2024-09-21,0.00012517434
World,2024-09-22,0.000751046
World,2024-09-23,0.038929217
World,2024-09-24,0.13180856
World,2024-09-25,0
World,2024-09-26,0
World,2024-09-27,0
World,2024-09-28,0.000375523
World,2024-09-29,0.00025034868
World,2024-09-30,0.042559274
World,2024-10-01,0.12392259
World,2024-10-02,0
World,2024-10-03,0
World,2024-10-04,0
World,2024-10-05,0.00050069735
World,2024-10-06,0.00012517434
World,2024-10-07,0.043185145
World,2024-10-08,0.102517776
World,2024-10-09,0
World,2024-10-10,0
World,2024-10-11,0
World,2024-10-12,0
World,2024-10-13,0
World,2024-10-14,0.04656485
World,2024-10-15,0.094381444
World,2024-10-16,0
World,2024-10-17,0
World,2024-10-18,0
World,2024-10-19,0.00012517434
World,2024-10-20,0
World,2024-10-21,0.04393619
World,2024-10-22,0.08236471
World,2024-10-23,0
World,2024-10-24,0
World,2024-10-25,0
World,2024-10-26,0.00012517434
World,2024-10-27,0
World,2024-10-28,0.04531311
World,2024-10-29,0.07723256
World,2024-10-30,0
World,2024-10-31,0
World,2024-11-01,0.000751046
World,2024-11-02,0.00012517434
World,2024-11-03,0.00012517434
World,2024-11-04,0.034047417
World,2024-11-05,0.07034797
World,2024-11-06,0
World,2024-11-07,0
World,2024-11-08,0
World,2024-11-09,0
World,2024-11-10,0.00012517434
World,2024-11-11,0.030792885
World,2024-11-12,0.06784449
World,2024-11-13,0
World,2024-11-14,0
World,2024-11-15,0
World,2024-11-16,0.00012517434
World,2024-11-17,0.00025034868
World,2024-11-18,0.028414574
World,2024-11-19,0.060959898
World,2024-11-20,0
World,2024-11-21,0
World,2024-11-22,0
World,2024-11-23,0
World,2024-11-24,0
World,2024-11-25,0.028664922
World,2024-11-26,0.06371374
World,2024-11-27,0
World,2024-11-28,0
World,2024-11-29,0
World,2024-11-30,0.00062587165
World,2024-12-01,0.0013769176
World,2024-12-02,0.025034865
World,2024-12-03,0.06383891
World,2024-12-04,0
World,2024-12-05,0
World,2024-12-06,0
World,2024-12-07,0
World,2024-12-08,0
World,2024-12-09,0.019777544
World,2024-12-10,0.072976634
World,2024-12-11,0
World,2024-12-12,0
World,2024-12-13,0
World,2024-12-14,0
World,2024-12-15,0.00012517434
World,2024-12-16,0.027663527
World,2024-12-17,0.07485425
World,2024-12-18,0
World,2024-12-19,0
World,2024-12-20,0
World,2024-12-21,0
World,2024-12-22,0
World,2024-12-23,0.02140481
World,2024-12-24,0.0843675
World,2024-12-25,0
World,2024-12-26,0
World,2024-12-27,0
World,2024-12-28,0
World,2024-12-29,0.00025034868
World,2024-12-30,0.023282425
World,2024-12-31,0.11904079
World,2025-01-01,0.0008762203
World,2025-01-02,0
World,2025-01-03,0
World,2025-01-04,0
World,2025-01-05,0
World,2025-01-06,0.023407599
World,2025-01-07,0.1365652
World,2025-01-08,0
World,2025-01-09,0
World,2025-01-10,0
World,2025-01-11,0
World,2025-01-12,0
World,2025-01-13,0.023908297
World,2025-01-14,0.13055682
World,2025-01-15,0
World,2025-01-16,0
World,2025-01-17,0
World,2025-01-18,0
World,2025-01-19,0
World,2025-01-20,0.015271269
World,2025-01-21,0.12066805
World,2025-01-22,0
World,2025-01-23,0
World,2025-01-24,0
World,2025-01-25,0
World,2025-01-26,0
World,2025-01-27,0.009262901
World,2025-01-28,0.1116555
World,2025-01-29,0
World,2025-01-30,0
World,2025-01-31,0
World,2025-02-01,0
World,2025-02-02,0.00025034868
World,2025-02-03,0.01038947
World,2025-02-04,0.08699616
World,2025-02-05,0
World,2025-02-06,0
World,2025-02-07,0
World,2025-02-08,0
World,2025-02-09,0
World,2025-02-10,0.009513249
World,2025-02-11,0.06421443
World,2025-02-12,0
World,2025-02-13,0
World,2025-02-14,0
World,2025-02-15,0
World,2025-02-16,0