Entity,Day,Weekly deaths per million people
World,2020-03-01,0.06446478
World,2020-03-02,0.052948743
World,2020-03-03,0.051571824
World,2020-03-04,0.054701183
World,2020-03-05,0.061085075
World,2020-03-06,0.06621722
World,2020-03-07,0.07097384
World,2020-03-08,0.08123814
World,2020-03-09,0.10076533
World,2020-03-10,0.11390864
World,2020-03-11,0.13669036
World,2020-03-12,0.16372803
World,2020-03-13,0.19151673
World,2020-03-14,0.22894385
World,2020-03-15,0.3322127
World,2020-03-16,0.37489712
World,2020-03-17,0.42684448
World,2020-03-18,0.47290862
World,2020-03-19,0.5338685
World,2020-03-20,0.5968312
World,2020-03-21,0.6798218
World,2020-03-22,1.2138155
World,2020-03-23,1.2925501
World,2020-03-24,1.3736631
World,2020-03-25,1.4811878
World,2020-03-26,1.5820783
World,2020-03-27,1.7081289
World,2020-03-28,1.8577123
World,2020-03-29,2.7893848
World,2020-03-30,2.9430988
World,2020-03-31,3.151389
World,2020-04-01,3.3429058
World,2020-04-02,3.5710986
World,2020-04-03,3.817066
World,2020-04-04,4.0513926
World,2020-04-05,4.6121736
World,2020-04-06,4.8598933
World,2020-04-07,5.107488
World,2020-04-08,5.3202844
World,2020-04-09,5.554486
World,2020-04-10,5.7934437
World,2020-04-11,5.978326
World,2020-04-12,5.9683123
World,2020-04-13,6.106254
World,2020-04-14,6.147812
World,2020-04-15,6.2293005
World,2020-04-16,6.3012757
World,2020-04-17,6.36524
World,2020-04-18,6.5790377
World,2020-04-19,6.253334
World,2020-04-20,6.201512
World,2020-04-21,6.198007
World,2020-04-22,6.209273
World,2020-04-23,6.2146554
World,2020-04-24,6.13567
World,2020-04-25,5.9069767
World,2020-04-26,5.558992
World,2020-04-27,5.5422187
World,2020-04-28,5.4739985
World,2020-04-29,5.4071555
World,2020-04-30,5.3503265
World,2020-05-01,5.368101
World,2020-05-02,5.38162
World,2020-05-03,5.1487956
World,2020-05-04,5.1290183
World,2020-05-05,5.1056104
World,2020-05-06,5.042022
World,2020-05-07,5.115249
World,2020-05-08,5.123636
World,2020-05-09,5.118003
World,2020-05-10,4.872286
World,2020-05-11,4.9188504
World,2020-05-12,4.8864303
World,2020-05-13,4.8497543
World,2020-05-14,4.7320905
World,2020-05-15,4.6234393
World,2020-05-16,4.6170554
World,2020-05-17,4.52693
World,2020-05-18,4.4670963
World,2020-05-19,4.4345512
World,2020-05-20,4.4563313
World,2020-05-21,4.45558
World,2020-05-22,4.465469
World,2020-05-23,4.3941197
World,2020-05-24,4.349558
World,2020-05-25,4.291352
World,2020-05-26,4.3069983
World,2020-05-27,4.2869706
World,2020-05-28,4.2247586
World,2020-05-29,4.2345223
World,2020-05-30,4.2798357
World,2020-05-31,4.176817
World,2020-06-01,4.2281384
World,2020-06-02,4.240155
World,2020-06-03,4.250795
World,2020-06-04,4.331157
World,2020-06-05,4.3753433
World,2020-06-06,4.397249
World,2020-06-07,4.366331
World,2020-06-08,4.4121447
World,2020-06-09,4.3980002
World,2020-06-10,4.434301
World,2020-06-11,4.4449406
World,2020-06-12,4.4499474
World,2020-06-13,4.447444
World,2020-06-14,4.41565
World,2020-06-15,4.3801003
World,2020-06-16,4.424662
World,2020-06-17,4.611923
World,2020-06-18,4.6350803
World,2020-06-19,4.649726
World,2020-06-20,4.658363
World,2020-06-21,4.6876535
World,2020-06-22,4.7293367
World,2020-06-23,4.6899066
World,2020-06-24,4.471352
World,2020-06-25,4.4737306
World,2020-06-26,4.4413104
World,2020-06-27,4.6288214
World,2020-06-28,4.597528
World,2020-06-29,4.587514
World,2020-06-30,4.6234393
World,2020-07-01,4.6962905
World,2020-07-02,4.662869
World,2020-07-03,4.6618676
World,2020-07-04,4.4758587
World,2020-07-05,4.55234
World,2020-07-06,4.583258
World,2020-07-07,4.6235642
World,2020-07-08,4.6462207
World,2020-07-09,4.7205744
World,2020-07-10,4.7933006
World,2020-07-11,4.846625
World,2020-07-12,4.856138
World,2020-07-13,4.931243
World,2020-07-14,4.9883223
World,2020-07-15,5.022495
World,2020-07-16,5.061174
World,2020-07-17,5.134401
World,2020-07-18,5.2902427
World,2020-07-19,5.3272943
World,2020-07-20,5.347948
World,2020-07-21,5.3943877
World,2020-07-22,5.427058
World,2020-07-23,5.6046805
World,2020-07-24,5.6046805
World,2020-07-25,5.543971
World,2020-07-26,5.6058073
World,2020-07-27,5.641357
World,2020-07-28,5.6438603
World,2020-07-29,5.694806
World,2020-07-30,5.536461
World,2020-07-31,5.6218295
World,2020-08-01,5.60781
World,2020-08-02,5.6109395
World,2020-08-03,5.649493
World,2020-08-04,5.678408
World,2020-08-05,5.6627617
World,2020-08-06,5.7258496
World,2020-08-07,5.7135825
World,2020-08-08,5.716837
World,2020-08-09,5.71909
World,2020-08-10,5.705446
World,2020-08-11,5.6822886
World,2020-08-12,5.6427336
World,2020-08-13,5.635724
World,2020-08-14,5.605557
World,2020-08-15,5.6010504
World,2020-08-16,5.5937905
World,2020-08-17,5.514555
World,2020-08-18,5.4945273
World,2020-08-19,5.5011616
World,2020-08-20,5.4624825
World,2020-08-21,5.4493394
World,2020-08-22,5.3918843
World,2020-08-23,5.3463206
World,2020-08-24,5.352454
World,2020-08-25,5.321787
World,2020-08-26,5.2902427
World,2020-08-27,5.2801037
World,2020-08-28,5.229408
World,2020-08-29,5.182843
World,2020-08-30,5.191856
World,2020-08-31,5.173205
World,2020-09-01,5.1197553
World,2020-09-02,5.0845814
World,2020-09-03,5.0561666
World,2020-09-04,5.0348873
World,2020-09-05,5.0203667
World,2020-09-06,5.0069733
World,2020-09-07,5.429687
World,2020-09-08,5.6550007
World,2020-09-09,5.5995483
World,2020-09-10,5.447587
World,2020-09-11,5.4067802
World,2020-09-12,5.4045267
World,2020-09-13,5.4127884
World,2020-09-14,4.92561
World,2020-09-15,4.7269583
World,2020-09-16,4.741228
World,2020-09-17,4.8392396
World,2020-09-18,4.85376
World,2020-09-19,4.8194623
World,2020-09-20,4.8870564
World,2020-09-21,4.8591423
World,2020-09-22,4.795804
World,2020-09-23,4.7933006
World,2020-09-24,4.7463603
World,2020-09-25,4.697167
World,2020-09-26,4.715943
World,2020-09-27,4.7213254
World,2020-09-28,4.731214
World,2020-09-29,4.7191973
World,2020-09-30,4.7064295
World,2020-10-01,4.737473
World,2020-10-02,4.745734
World,2020-10-03,4.6870275
World,2020-10-04,4.7029247
World,2020-10-05,4.6740093
World,2020-10-06,4.6926603
World,2020-10-07,4.6920347
World,2020-10-08,4.6738844
World,2020-10-09,4.6992946
World,2020-10-10,4.7228274
World,2020-10-11,4.7723966
World,2020-10-12,4.7458596
World,2020-10-13,4.7403517
World,2020-10-14,4.718071
World,2020-10-15,4.629322
World,2020-10-16,4.576749
World,2020-10-17,4.598154
World,2020-10-18,4.7675147
World,2020-10-19,4.7919235
World,2020-10-20,4.8280993
World,2020-10-21,4.90771
World,2020-10-22,5.0209928
World,2020-10-23,5.1048594
World,2020-10-24,5.13753
World,2020-10-25,5.3843737
World,2020-10-26,5.4573503
World,2020-10-27,5.485014
World,2020-10-28,5.53984
World,2020-10-29,5.593665
World,2020-10-30,5.6254597
World,2020-10-31,5.7036934
World,2020-11-01,6.1960044
World,2020-11-02,6.2647247
World,2020-11-03,6.34371
World,2020-11-04,6.4303308
World,2020-11-05,6.5537524
World,2020-11-06,6.708468
World,2020-11-07,6.889595
World,2020-11-08,7.3916693
World,2020-11-09,7.448874
World,2020-11-10,7.549389
World,2020-11-11,7.6695566
World,2020-11-12,7.7911005
World,2020-11-13,7.835162
World,2020-11-14,7.8929925
World,2020-11-15,8.189155
World,2020-11-16,8.392689
World,2020-11-17,8.438252
World,2020-11-18,8.456778
World,2020-11-19,8.569309
World,2020-11-20,8.723524
World,2020-11-21,8.869352
World,2020-11-22,9.204695
World,2020-11-23,9.216836
World,2020-11-24,9.383819
World,2020-11-25,9.557185
World,2020-11-26,9.596365
World,2020-11-27,9.689745
World,2020-11-28,9.651817
World,2020-11-29,9.535405
World,2020-11-30,9.509745
World,2020-12-01,9.496851
World,2020-12-02,9.502985
World,2020-12-03,9.583221
World,2020-12-04,9.66058
World,2020-12-05,9.824683
World,2020-12-06,9.944475
World,2020-12-07,10.039231
World,2020-12-08,10.010567
World,2020-12-09,10.0704
World,2020-12-10,10.053752
World,2020-12-11,10.136117
World,2020-12-12,10.102069
World,2020-12-13,10.322125
World,2020-12-14,10.361681
World,2020-12-15,10.4526825
World,2020-12-16,10.484602
World,2020-12-17,10.570347
World,2020-12-18,10.551195
World,2020-12-19,10.71317
World,2020-12-20,10.726189
World,2020-12-21,10.795159
World,2020-12-22,10.815688
World,2020-12-23,10.837218
World,2020-12-24,10.891043
World,2020-12-25,10.867009
World,2020-12-26,10.700653
World,2020-12-27,10.238133
World,2020-12-28,10.065894
World,2020-12-29,10.100818
World,2020-12-30,10.163905
World,2020-12-31,10.30047
World,2021-01-01,10.492613
World,2021-01-02,10.644575
World,2021-01-03,10.80242
World,2021-01-04,10.924339
World,2021-01-05,10.914576
World,2021-01-06,10.938484
World,2021-01-07,10.981419
World,2021-01-08,10.995688
World,2021-01-09,11.2475395
World,2021-01-10,11.559975
World,2021-01-11,11.841617
World,2021-01-12,12.067807
World,2021-01-13,12.254442
World,2021-01-14,12.384624
World,2021-01-15,12.543469
World,2021-01-16,12.541342
World,2021-01-17,12.639103
World,2021-01-18,12.720966
World,2021-01-19,12.789938
World,2021-01-20,12.780549
World,2021-01-21,12.733859
World,2021-01-22,12.787935
World,2021-01-23,12.831871
World,2021-01-24,12.982957
World,2021-01-25,12.942901
World,2021-01-26,12.922372
World,2021-01-27,12.89208
World,2021-01-28,12.987337
World,2021-01-29,12.909354
World,2021-01-30,12.855654
World,2021-01-31,12.600173
World,2021-02-01,12.498157
World,2021-02-02,12.348197
World,2021-02-03,12.238795
World,2021-02-04,12.000213
World,2021-02-05,11.780156
World,2021-02-06,11.508528
World,2021-02-07,11.177067
World,2021-02-08,11.032114
World,2021-02-09,10.855743
World,2021-02-10,10.691766
World,2021-02-11,10.535923
World,2021-02-12,10.396854
World,2021-02-13,10.377829
World,2021-02-14,10.201207
World,2021-02-15,10.157897
World,2021-02-16,10.071151
World,2021-02-17,9.867618
World,2021-02-18,9.569953
World,2021-02-19,9.37731
World,2021-02-20,9.181162
World,2021-02-21,8.56643
World,2021-02-22,8.3588915
World,2021-02-23,8.28216
World,2021-02-24,8.267263
World,2021-02-25,8.281283
World,2021-02-26,8.229836
World,2021-02-27,8.246985
World,2021-02-28,8.012033
World,2021-03-01,7.980865
World,2021-03-02,7.909641
World,2021-03-03,7.8606977
World,2021-03-04,7.794981
World,2021-03-05,7.802742
World,2021-03-06,7.611976
World,2021-03-07,7.570919
World,2021-03-08,7.5124626
World,2021-03-09,7.526482
World,2021-03-10,7.4759116
World,2021-03-11,7.5050774
World,2021-03-12,7.5322404
World,2021-03-13,7.599584
World,2021-03-14,7.5964546
World,2021-03-15,7.6287494
World,2021-03-16,7.619737
World,2021-03-17,7.6450224
World,2021-03-18,7.7502937
World,2021-03-19,7.7476654
World,2021-03-20,7.7977347
World,2021-03-21,7.90889
World,2021-03-22,8.226457
World,2021-03-23,8.264134
World,2021-03-24,8.378419
World,2021-03-25,8.461284
World,2021-03-26,8.418975
World,2021-03-27,8.456027
World,2021-03-28,8.647794
World,2021-03-29,8.538391
World,2021-03-30,8.685721
World,2021-03-31,8.744178
World,2021-04-01,8.880117
World,2021-04-02,9.132343
World,2021-04-03,9.335126
World,2021-04-04,9.442526
World,2021-04-05,9.342511
World,2021-04-06,9.190299
World,2021-04-07,9.216711
World,2021-04-08,9.447533
World,2021-04-09,9.5908575
World,2021-04-10,9.813667
World,2021-04-11,10.061387
World,2021-04-12,10.290957
World,2021-04-13,10.60139
World,2021-04-14,10.74559
World,2021-04-15,10.736077
World,2021-04-16,10.775883
World,2021-04-17,10.739582
World,2021-04-18,10.753727
World,2021-04-19,10.92872
World,2021-04-20,11.034368
World,2021-04-21,11.174062
World,2021-04-22,11.263562
World,2021-04-23,11.400502
World,2021-04-24,11.353562
World,2021-04-25,11.444815
World,2021-04-26,11.586887
World,2021-04-27,11.671755
World,2021-04-28,11.759127
World,2021-04-29,11.89419
World,2021-04-30,11.956778
World,2021-05-01,12.131395
World,2021-05-02,12.017111
World,2021-05-03,11.973801
World,2021-05-04,11.932368
World,2021-05-05,11.898446
World,2021-05-06,11.829976
World,2021-05-07,11.772395
World,2021-05-08,11.726332
World,2021-05-09,11.545204
World,2021-05-10,11.526302
World,2021-05-11,11.571866
World,2021-05-12,11.546706
World,2021-05-13,11.42754
World,2021-05-14,11.346678
World,2021-05-15,11.217623
World,2021-05-16,10.965271
World,2021-05-17,10.926342
World,2021-05-18,10.958386
World,2021-05-19,11.007581
World,2021-05-20,10.983421
World,2021-05-21,10.969652
World,2021-05-22,11.015467
World,2021-05-23,10.7886505
World,2021-05-24,10.711042
World,2021-05-25,10.44705
World,2021-05-26,10.342404
World,2021-05-27,10.214601
World,2021-05-28,10.096812
World,2021-05-29,9.942722
World,2021-05-30,9.839203
World,2021-05-31,9.715156
World,2021-06-01,9.623403
World,2021-06-02,9.407476
World,2021-06-03,9.242372
World,2021-06-04,9.085528
World,2021-06-05,8.945083
World,2021-06-06,8.568183
World,2021-06-07,8.387556
World,2021-06-08,8.325846
World,2021-06-09,8.225706
World,2021-06-10,8.631521
World,2021-06-11,8.73141
World,2021-06-12,8.876112
World,2021-06-13,8.909783
World,2021-06-14,9.118073
World,2021-06-15,9.153248
World,2021-06-16,9.11144
World,2021-06-17,8.632147
World,2021-06-18,8.407459
World,2021-06-19,8.086137
World,2021-06-20,7.8754683
World,2021-06-21,7.5798063
World,2021-06-22,7.4096947
World,2021-06-23,7.3190684
World,2021-06-24,7.18388
World,2021-06-25,7.0872455
World,2021-06-26,7.0536985
World,2021-06-27,7.0190253
World,2021-06-28,6.9322796
World,2021-06-29,6.908622
World,2021-06-30,6.844407
World,2021-07-01,6.8131137
World,2021-07-02,6.8461595
World,2021-07-03,6.815993
World,2021-07-04,6.7176056
World,2021-07-05,6.730874
World,2021-07-06,6.742891
World,2021-07-07,6.824129
World,2021-07-08,6.83915
World,2021-07-09,6.751778
World,2021-07-10,6.800346
World,2021-07-11,6.835019
World,2021-07-12,6.872321
World,2021-07-13,7.012767
World,2021-07-14,7.038928
World,2021-07-15,7.013017
World,2021-07-16,7.0573287
World,2021-07-17,7.0413065
World,2021-07-18,7.0485663
World,2021-07-19,7.0284133
World,2021-07-20,6.9535594
World,2021-07-21,8.52312
World,2021-07-22,8.539893
World,2021-07-23,8.556917
World,2021-07-24,8.630896
World,2021-07-25,8.716264
World,2021-07-26,8.850952
World,2021-07-27,9.040465
World,2021-07-28,7.6203628
World,2021-07-29,7.8510594
World,2021-07-30,7.988
World,2021-07-31,8.06298
World,2021-08-01,8.147973
World,2021-08-02,8.196165
World,2021-08-03,8.241728
World,2021-08-04,8.322842
World,2021-08-05,8.313828
World,2021-08-06,8.411214
World,2021-08-07,8.488447
World,2021-08-08,8.626014
World,2021-08-09,8.730159
World,2021-08-10,8.712133
World,2021-08-11,8.697488
World,2021-08-12,8.729032
World,2021-08-13,8.678587
World,2021-08-14,8.668323
World,2021-08-15,8.724276
World,2021-08-16,8.734289
World,2021-08-17,8.678211
World,2021-08-18,8.675207
World,2021-08-19,8.732037
World,2021-08-20,8.8209095
World,2021-08-21,8.809895
World,2021-08-22,8.941202
World,2021-08-23,8.931814
World,2021-08-24,8.93244
World,2021-08-25,9.010299
World,2021-08-26,9.003414
World,2021-08-27,8.902649
World,2021-08-28,8.917795
World,2021-08-29,8.867475
World,2021-08-30,8.753316
World,2021-08-31,8.791995
World,2021-09-01,8.7239
World,2021-09-02,8.602982
World,2021-09-03,8.591716
World,2021-09-04,8.545902
World,2021-09-05,8.495957
World,2021-09-06,8.515234
World,2021-09-07,8.427237
World,2021-09-08,8.323592
World,2021-09-09,8.144718
World,2021-09-10,7.947944
World,2021-09-11,7.902756
World,2021-09-12,7.8369145
World,2021-09-13,7.8047447
World,2021-09-14,7.6849527
World,2021-09-15,7.575801
World,2021-09-16,7.678068
World,2021-09-17,7.7959824
World,2021-09-18,7.6602936
World,2021-09-19,7.620613
World,2021-09-20,7.4815445
World,2021-09-21,7.3721423
World,2021-09-22,7.342351
World,2021-09-23,7.2623644
World,2021-09-24,7.0749784
World,2021-09-25,7.008761
World,2021-09-26,6.9371614
World,2021-09-27,6.7714305
World,2021-09-28,6.771556
World,2021-09-29,6.763795
World,2021-09-30,6.692821
World,2021-10-01,6.672543
World,2021-10-02,6.596061
World,2021-10-03,6.5590096
World,2021-10-04,6.471763
World,2021-10-05,6.316422
World,2021-10-06,6.1566997
World,2021-10-07,6.084599
World,2021-10-08,6.032026
World,2021-10-09,5.978576
World,2021-10-10,6.053681
World,2021-10-11,5.9895916
World,2021-10-12,6.0268936
World,2021-10-13,5.998729
World,2021-10-14,5.90585
World,2021-10-15,5.8237357
World,2021-10-16,5.775168
World,2021-10-17,5.76916
World,2021-10-18,5.779299
World,2021-10-19,5.7065725
World,2021-10-20,5.8358774
World,2021-10-21,5.8321223
World,2021-10-22,5.847894
World,2021-10-23,5.865794
World,2021-10-24,6.1777287
World,2021-10-25,6.1733475
World,2021-10-26,6.169342
World,2021-10-27,6.0911083
World,2021-10-28,6.22905
World,2021-10-29,6.277618
World,2021-10-30,6.2961435
World,2021-10-31,6.369871
World,2021-11-01,6.317173
World,2021-11-02,6.30453
World,2021-11-03,6.2920127
World,2021-11-04,6.149815
World,2021-11-05,6.0374084
World,2021-11-06,5.9981036
World,2021-11-07,6.160705
World,2021-11-08,6.1733475
World,2021-11-09,6.170844
World,2021-11-10,6.1874924
World,2021-11-11,6.1862407
World,2021-11-12,6.2048917
World,2021-11-13,6.1766024
World,2021-11-14,6.324683
World,2021-11-15,6.3922777
World,2021-11-16,6.387646
World,2021-11-17,6.407048
World,2021-11-18,6.4323335
World,2021-11-19,6.5185785
World,2021-11-20,6.859428
World,2021-11-21,6.8475366
World,2021-11-22,6.786201
World,2021-11-23,6.820499
World,2021-11-24,6.8295116
World,2021-11-25,6.8454084
World,2021-11-26,6.798969
World,2021-11-27,6.379885
World,2021-11-28,6.2816234
World,2021-11-29,6.2664776
World,2021-11-30,6.2628474
World,2021-12-01,6.30453
World,2021-12-02,6.305281
World,2021-12-03,6.3507195
World,2021-12-04,6.4625006
World,2021-12-05,6.745895
World,2021-12-06,6.7672997
World,2021-12-07,6.766799
World,2021-12-08,6.6881895
World,2021-12-09,6.677049
World,2021-12-10,6.6292324
World,2021-12-11,6.57741
World,2021-12-12,6.231804
World,2021-12-13,6.184238
World,2021-12-14,6.178605
World,2021-12-15,6.1698427
World,2021-12-16,6.1464353
World,2021-12-17,6.169968
World,2021-12-18,6.12115
World,2021-12-19,5.9272547
World,2021-12-20,5.8846955
World,2021-12-21,5.891455
World,2021-12-22,5.919494
World,2021-12-23,5.949536
World,2021-12-24,5.8982143
World,2021-12-25,6.1195226
World,2021-12-26,5.8301196
World,2021-12-27,5.777672
World,2021-12-28,5.7020664
World,2021-12-29,5.7137074
World,2021-12-30,5.7287283
World,2021-12-31,5.6794095
World,2022-01-01,5.4470863
World,2022-01-02,5.343817
World,2022-01-03,5.3301735
World,2022-01-04,5.306515
World,2022-01-05,5.3048882
World,2022-01-06,5.3395615
World,2022-01-07,5.365097
World,2022-01-08,5.4826355
World,2022-01-09,5.713207
World,2022-01-10,5.809841
World,2022-01-11,5.9628043
World,2022-01-12,6.0336533
World,2022-01-13,6.192249
World,2022-01-14,6.31154
World,2022-01-15,6.37613
World,2022-01-16,6.552
World,2022-01-17,6.770179
World,2022-01-18,6.808983
World,2022-01-19,6.786827
World,2022-01-20,6.743642
World,2022-01-21,6.987857
World,2022-01-22,7.1678576
World,2022-01-23,7.4771633
World,2022-01-24,7.463019
World,2022-01-25,7.6028385
World,2022-01-26,7.857443
World,2022-01-27,8.043327
World,2022-01-28,8.138209
World,2022-01-29,8.275275
World,2022-01-30,8.491326
World,2022-01-31,8.708504
World,2022-02-01,8.756821
World,2022-02-02,8.943956
World,2022-02-03,9.199813
World,2022-02-04,9.2982
World,2022-02-05,9.387574
World,2022-02-06,9.497478
World,2022-02-07,9.538158
World,2022-02-08,9.604376
World,2022-02-09,9.640301
World,2022-02-10,9.64631
World,2022-02-11,9.632791
World,2022-02-12,9.573458
World,2022-02-13,9.570204
World,2022-02-14,9.4228735
World,2022-02-15,9.311844
World,2022-02-16,9.179534
World,2022-02-17,8.986265
World,2022-02-18,8.941578
World,2022-02-19,8.87824
World,2022-02-20,8.714011
World,2022-02-21,8.622509
World,2022-02-22,8.57369
World,2022-02-23,8.268766
World,2022-02-24,8.1955385
World,2022-02-25,8.012409
World,2022-02-26,7.936428
World,2022-02-27,7.4453692
World,2022-02-28,7.4979424
World,2022-03-01,7.3904176
World,2022-03-02,7.433603
World,2022-03-03,7.0802355
World,2022-03-04,6.9760904
World,2022-03-05,6.707717
World,2022-03-06,6.4991765
World,2022-03-07,6.25759
World,2022-03-08,6.1624575
World,2022-03-09,5.9777
World,2022-03-10,5.9010935
World,2022-03-11,5.7423725
World,2022-03-12,5.659006
World,2022-03-13,5.479757
World,2022-03-14,5.4094086
World,2022-03-15,5.280479
World,2022-03-16,5.0366397
World,2022-03-17,4.9353733
World,2022-03-18,4.770018
World,2022-03-19,4.677139
World,2022-03-20,4.538195
World,2022-03-21,4.4678473
World,2022-03-22,5.8104672
World,2022-03-23,5.8416357
World,2022-03-24,5.717588
World,2022-03-25,5.6043053
World,2022-03-26,5.975322
World,2022-03-27,5.817602
World,2022-03-28,5.7082
World,2022-03-29,4.2605586
World,2022-03-30,4.1987224
World,2022-03-31,4.1112256
World,2022-04-01,4.0577765
World,2022-04-02,3.483977
World,2022-04-03,3.3620574
World,2022-04-04,3.3003464
World,2022-04-05,3.2472725
World,2022-04-06,3.1215975
World,2022-04-07,3.0371048
World,2022-04-08,2.9556162
World,2022-04-09,2.9116802
World,2022-04-10,2.8632376
World,2022-04-11,2.8403308
World,2022-04-12,2.7664778
World,2022-04-13,2.7300522
World,2022-04-14,2.696255
World,2022-04-15,2.6004968
World,2022-04-16,2.5465467
World,2022-04-17,2.403973
World,2022-04-18,2.3574083
World,2022-04-19,2.314223
World,2022-04-20,2.262526
World,2022-04-21,2.2046955
World,2022-04-22,2.1896746
World,2022-04-23,2.1593823
World,2022-04-24,2.1071846
World,2022-04-25,2.0756407
World,2022-04-26,2.235989
World,2022-04-27,2.1901753
World,2022-04-28,2.1680193
World,2022-04-29,2.1407313
World,2022-04-30,2.0617464
World,2022-05-01,2.0358353
World,2022-05-02,2.0253208
World,2022-05-03,1.8224131
World,2022-05-04,1.7827328
World,2022-05-05,1.7600763
World,2022-05-06,1.7285323
World,2022-05-07,1.7080038
World,2022-05-08,1.6154999
World,2022-05-09,1.5765707
World,2022-05-10,1.5415219
World,2022-05-11,1.5363897
World,2022-05-12,1.5073493
World,2022-05-13,1.4637886
World,2022-05-14,1.4471405
World,2022-05-15,1.4020777
World,2022-05-16,1.3948176
World,2022-05-17,1.3959441
World,2022-05-18,1.4012015
World,2022-05-19,1.3846785
World,2022-05-20,1.365652
World,2022-05-21,1.3396157
World,2022-05-22,1.2993096
World,2022-05-23,1.2774041
World,2022-05-24,1.2759019
World,2022-05-25,1.2765279
World,2022-05-26,1.2847893
World,2022-05-27,1.3080717
World,2022-05-28,1.3314793
World,2022-05-29,1.2939271
World,2022-05-30,1.2996851
World,2022-05-31,1.2827865
World,2022-06-01,1.26013
World,2022-06-02,1.2259574
World,2022-06-03,1.1972924
World,2022-06-04,1.1771394
World,2022-06-05,1.1606164
World,2022-06-06,1.1364578
World,2022-06-07,1.1479738
World,2022-06-08,1.1501018
World,2022-06-09,1.1683772
World,2022-06-10,1.2050533
World,2022-06-11,1.1929114
World,2022-06-12,1.1742604
World,2022-06-13,1.184024
World,2022-06-14,1.172508
World,2022-06-15,1.164622
World,2022-06-16,1.1288221
World,2022-06-17,1.1135509
World,2022-06-18,1.1238152
World,2022-06-19,1.1475983
World,2022-06-20,1.1501018
World,2022-06-21,1.1678765
World,2022-06-22,1.1513535
World,2022-06-23,1.187654
World,2022-06-24,1.1738849
World,2022-06-25,1.2466111
World,2022-06-26,1.3025641
World,2022-06-27,1.3338577
World,2022-06-28,1.3217157
World,2022-06-29,1.3467506
World,2022-06-30,1.364901
World,2022-07-01,1.370784
World,2022-07-02,1.3674043
World,2022-07-03,1.420228
World,2022-07-04,1.4269874
World,2022-07-05,1.4387537
World,2022-07-06,1.431744
World,2022-07-07,1.4388789
World,2022-07-08,1.48269
World,2022-07-09,1.5072241
World,2022-07-10,1.561675
World,2022-07-11,1.5822035
World,2022-07-12,1.5974748
World,2022-07-13,1.6501732
World,2022-07-14,1.6782123
World,2022-07-15,1.7071276
World,2022-07-16,1.7314113
World,2022-07-17,1.834555
World,2022-07-18,1.8580878
World,2022-07-19,1.8886303
World,2022-07-20,1.9109113
World,2022-07-21,1.9520937
World,2022-07-22,1.9724971
World,2022-07-23,2.016308
World,2022-07-24,2.073638
World,2022-07-25,2.1225812
World,2022-07-26,2.142484
World,2022-07-27,2.1653907
World,2022-07-28,2.1651404
World,2022-07-29,2.16489
World,2022-07-30,2.1933045
World,2022-07-31,2.2189653
World,2022-08-01,2.1729012
World,2022-08-02,2.171274
World,2022-08-03,2.1945565
World,2022-08-04,2.2099528
World,2022-08-05,2.2090766
World,2022-08-06,2.2112045
World,2022-08-07,2.1467397
World,2022-08-08,2.1601334
World,2022-08-09,2.1711488
World,2022-08-10,2.1590068
World,2022-08-11,2.1996884
World,2022-08-12,2.200064
World,2022-08-13,2.1913018
World,2022-08-14,2.1668928
World,2022-08-15,2.1650152
World,2022-08-16,2.1514964
World,2022-08-17,2.1506202
World,2022-08-18,2.0992987
World,2022-08-19,2.1159468
World,2022-08-20,2.1019273
World,2022-08-21,1.9997851
World,2022-08-22,1.990397
World,2022-08-23,1.9986585
World,2022-08-24,1.9895208
World,2022-08-25,1.9782552
World,2022-08-26,1.965988
World,2022-08-27,1.9409531
World,2022-08-28,1.9015232
World,2022-08-29,1.8863772
World,2022-08-30,1.8741101
World,2022-08-31,1.8555843
World,2022-09-01,1.8433172
World,2022-09-02,1.8211614
World,2022-09-03,1.8146523
World,2022-09-04,1.7418008
World,2022-09-05,1.728282
World,2022-09-06,1.7116338
World,2022-09-07,1.6475445
World,2022-09-08,1.6029825
World,2022-09-09,1.5445261
World,2022-09-10,1.481313
World,2022-09-11,1.4272377
World,2022-09-12,1.3969455
World,2022-09-13,1.3725365
World,2022-09-14,1.380047
World,2022-09-15,1.3578911
World,2022-09-16,1.3781694
World,2022-09-17,1.3951931
World,2022-09-18,1.3432457
World,2022-09-19,1.3159578
World,2022-09-20,1.2920494
World,2022-09-21,1.2771537
World,2022-09-22,1.2754012
World,2022-09-23,1.2315903
World,2022-09-24,1.2322161
World,2022-09-25,1.2657628
World,2022-09-26,1.2483636
World,2022-09-27,1.250116
World,2022-09-28,1.2439826
World,2022-09-29,1.2109364
World,2022-09-30,1.272397
World,2022-10-01,1.2384748
World,2022-10-02,1.2782803
World,2022-10-03,1.3124529
World,2022-10-04,1.3170843
World,2022-10-05,1.3144556
World,2022-10-06,1.3288507
World,2022-10-07,1.3030648
World,2022-10-08,1.3120773
World,2022-10-09,1.4005756
World,2022-10-10,1.3825505
World,2022-10-11,1.3787953
World,2022-10-12,1.3757911
World,2022-10-13,1.3622723
World,2022-10-14,1.3366115
World,2022-10-15,1.3454989
World,2022-10-16,1.3621471
World,2022-10-17,1.3568897
World,2022-10-18,1.34988
World,2022-10-19,1.3749149
World,2022-10-20,1.3820498
World,2022-10-21,1.2950536
World,2022-10-22,1.4995885
World,2022-10-23,1.4810627
World,2022-10-24,1.4667928
World,2022-10-25,1.4574047
World,2022-10-26,1.4298664
World,2022-10-27,1.3667785
World,2022-10-28,1.7554448
World,2022-10-29,1.48632
World,2022-10-30,1.4398804
World,2022-10-31,1.4412572
World,2022-11-01,1.4425089
World,2022-11-02,1.5837057
World,2022-11-03,1.5756944
World,2022-11-04,1.4768068
World,2022-11-05,1.4695467
World,2022-11-06,1.3976966
World,2022-11-07,1.404456
World,2022-11-08,1.4017022
World,2022-11-09,1.2198238
World,2022-11-10,1.2263329
World,2022-11-11,1.2190728
World,2022-11-12,1.2040519
World,2022-11-13,1.1899072
World,2022-11-14,1.1825219
World,2022-11-15,1.1874037
World,2022-11-16,1.19191
World,2022-11-17,1.1899072
World,2022-11-18,1.1755122
World,2022-11-19,1.1722577
World,2022-11-20,1.1720072
World,2022-11-21,1.1758877
World,2022-11-22,1.168252
World,2022-11-23,1.1746359
World,2022-11-24,1.1924107
World,2022-11-25,1.2681412
World,2022-11-26,1.2733985
World,2022-11-27,1.2789061
World,2022-11-28,1.2856655
World,2022-11-29,1.3129536
World,2022-11-30,1.3262221
World,2022-12-01,1.3137046
World,2022-12-02,1.2030505
World,2022-12-03,1.2273343
World,2022-12-04,1.2690173
World,2022-12-05,1.2864166
World,2022-12-06,1.2851648
World,2022-12-07,1.3113263
World,2022-12-08,1.347752
World,2022-12-09,1.5410212
World,2022-12-10,1.5514107
World,2022-12-11,1.6032329
World,2022-12-12,1.6240118
World,2022-12-13,1.6470438
World,2022-12-14,1.6785878
World,2022-12-15,1.6733304
World,2022-12-16,1.6772108
World,2022-12-17,1.7205212
World,2022-12-18,1.8399374
World,2022-12-19,1.8885051
World,2022-12-20,1.9390756
World,2022-12-21,1.9976572
World,2022-12-22,2.1198273
World,2022-12-23,2.224473
World,2022-12-24,2.3514
World,2022-12-25,2.5430417
World,2022-12-26,2.679732
World,2022-12-27,2.7540855
World,2022-12-28,2.9236968
World,2022-12-29,3.1120842
World,2022-12-30,3.3082323
World,2022-12-31,3.801169
World,2023-01-01,4.0528946
World,2023-01-02,4.3897386
World,2023-01-03,4.7852893
World,2023-01-04,5.0857077
World,2023-01-05,4.74248
World,2023-01-06,4.3580694
World,2023-01-07,3.6737413
World,2023-01-08,3.0755334
World,2023-01-09,2.5069914
World,2023-01-10,1.9239295
World,2023-01-11,1.3210899
World,2023-01-12,1.2886697
World,2023-01-13,1.4728012
World,2023-01-14,1.4630376
World,2023-01-15,1.3637743
World,2023-01-16,1.3573904
World,2023-01-17,1.3528842
World,2023-01-18,1.3248451
World,2023-01-19,1.3227172
World,2023-01-20,1.2354707
World,2023-01-21,1.2539965
World,2023-01-22,1.216319
World,2023-01-23,1.1956652
World,2023-01-24,1.1825219
World,2023-01-25,1.172508
World,2023-01-26,1.1661241
World,2023-01-27,1.1606164
World,2023-01-28,1.0935229
World,2023-01-29,1.0513391
World,2023-01-30,1.0403239
World,2023-01-31,1.0395728
World,2023-02-01,8.139461
World,2023-02-02,8.221701
World,2023-02-03,8.644539
World,2023-02-04,8.680214
World,2023-02-05,8.723148
World,2023-02-06,8.754943
World,2023-02-07,8.777599
World,2023-02-08,1.704624
World,2023-02-09,1.7632056
World,2023-02-10,1.3058187
World,2023-02-11,1.2894207
World,2023-02-12,1.2650118
World,2023-02-13,1.2418545
World,2023-02-14,1.2329671
World,2023-02-15,1.2375987
World,2023-02-16,1.1220627
World,2023-02-17,1.0502126
World,2023-02-18,1.0423267
World,2023-02-19,1.069114
World,2023-02-20,1.0637314
World,2023-02-21,1.0568469
World,2023-02-22,1.0306854
World,2023-02-23,1.0027716
World,2023-02-24,0.65904284
World,2023-02-25,0.98324436
World,2023-02-26,0.9728549
World,2023-02-27,0.9758591
World,2023-02-28,0.9748577
World,2023-03-01,0.9744822
World,2023-03-02,0.9819926
World,2023-03-03,0.95896053
World,2023-03-04,0.90813977
World,2023-03-05,0.8768462
World,2023-03-06,0.88185316
World,2023-03-07,0.87559444
World,2023-03-08,0.86958605
World,2023-03-09,0.8622008
World,2023-03-10,0.8435498
World,2023-03-11,0.7954829
World,2023-03-12,0.7938556
World,2023-03-13,0.82564986
World,2023-03-14,0.83291
World,2023-03-15,0.8372911
World,2023-03-16,0.8255247
World,2023-03-17,0.8310324
World,2023-03-18,0.8081255
World,2023-03-19,0.8291548
World,2023-03-20,0.825024
World,2023-03-21,0.8232716
World,2023-03-22,0.8175135
World,2023-03-23,0.8287792
World,2023-03-24,0.8193912
World,2023-03-25,0.84442604
World,2023-03-26,0.8400449
World,2023-03-27,0.8111297
World,2023-03-28,0.8031185
World,2023-03-29,0.7973605
World,2023-03-30,0.82590026
World,2023-03-31,0.8366652
World,2023-04-01,0.79022557
World,2023-04-02,0.75843126
World,2023-04-03,0.74866766
World,2023-04-04,0.73477334
World,2023-04-05,0.72300696
World,2023-04-06,0.6823253
World,2023-04-07,0.6569149
World,2023-04-08,0.41670534
World,2023-04-09,0.70623356
World,2023-04-10,0.7076105
World,2023-04-11,0.7087371
World,2023-04-12,0.7172489
World,2023-04-13,0.7089874
World,2023-04-14,0.715872
World,2023-04-15,0.71825033
World,2023-04-16,0.6561639
World,2023-04-17,0.658417
World,2023-04-18,0.6614212
World,2023-04-19,0.65253377
World,2023-04-20,0.6592932
World,2023-04-21,0.65754074
World,2023-04-22,0.644773
World,2023-04-23,0.66004425
World,2023-04-24,0.6625477
World,2023-04-25,0.6629233
World,2023-04-26,0.6606701
World,2023-04-27,0.650531
World,2023-04-28,0.6516576
World,2023-04-29,0.6550373
World,2023-04-30,0.5925753
World,2023-05-01,0.5848145
World,2023-05-02,0.5793068
World,2023-05-03,0.576553
World,2023-05-04,0.5758019
World,2023-05-05,0.5706698
World,2023-05-06,0.5685418
World,2023-05-07,0.5914487
World,2023-05-08,0.59169906
World,2023-05-09,0.5900718
World,2023-05-10,0.58531517
World,2023-05-11,0.5779299
World,2023-05-12,0.56891733
World,2023-05-13,0.56628865
World,2023-05-14,0.6338828
World,2023-05-15,0.6320052
World,2023-05-16,0.7271377
World,2023-05-17,0.7192517
World,2023-05-18,0.7147454
World,2023-05-19,0.70848674
World,2023-05-20,0.7049818
World,2023-05-21,0.3569972
World,2023-05-22,0.3623797
World,2023-05-23,0.35862446
World,2023-05-24,0.35812375
World,2023-05-25,0.36288038
World,2023-05-26,0.3574979
World,2023-05-27,0.3502378
World,2023-05-28,0.34973708
World,2023-05-29,0.34009865
World,2023-05-30,0.32420152
World,2023-05-31,0.31731692
World,2023-06-01,0.3017953
World,2023-06-02,0.30842954
World,2023-06-03,0.31168407
World,2023-06-04,0.30204567
World,2023-06-05,0.30317223
World,2023-06-06,0.29678833
World,2023-06-07,0.2984156
World,2023-06-08,0.29753938
World,2023-06-09,0.29002893
World,2023-06-10,0.2833947
World,2023-06-11,0.29966736
World,2023-06-12,0.285773
World,2023-06-13,0.27976462
World,2023-06-14,0.27413177
World,2023-06-15,0.27288005
World,2023-06-16,0.27050173
World,2023-06-17,0.2701262
World,2023-06-18,0.23232356
World,2023-06-19,0.23144734
World,2023-06-20,0.2253138
World,2023-06-21,0.22456275
World,2023-06-22,0.22130822
World,2023-06-23,0.21855438
World,2023-06-24,0.22306065
World,2023-06-25,0.19627336
World,2023-06-26,0.19389504
World,2023-06-27,0.18876289
World,2023-06-28,0.18738598
World,2023-06-29,0.18638457
World,2023-06-30,0.18363075
World,2023-07-01,0.17261541
World,2023-07-02,0.1428239
World,2023-07-03,0.15196164
World,2023-07-04,0.14520222
World,2023-07-05,0.14382531
World,2023-07-06,0.14219804
World,2023-07-07,0.1428239
World,2023-07-08,0.13956937
World,2023-07-09,0.13381135
World,2023-07-10,0.11866526
World,2023-07-11,0.119917005
World,2023-07-12,0.1209184
World,2023-07-13,0.12041771
World,2023-07-14,0.119791836
World,2023-07-15,0.12016736
World,2023-07-16,0.11666248
World,2023-07-17,0.12667643
World,2023-07-18,0.13218409
World,2023-07-19,0.13130787
World,2023-07-20,0.13230927
World,2023-07-21,0.13255961
World,2023-07-22,0.12917991
World,2023-07-23,0.12742747
World,2023-07-24,0.12943026
World,2023-07-25,0.13406171
World,2023-07-26,0.13331066
World,2023-07-27,0.1326848
World,2023-07-28,0.13393654
World,2023-07-29,0.13468757
World,2023-07-30,0.1379421
World,2023-07-31,0.14707984
World,2023-08-01,0.16185041
World,2023-08-02,0.18901324
World,2023-08-03,0.19126637
World,2023-08-04,0.19239295
World,2023-08-05,0.19364469
World,2023-08-06,0.19627336
World,2023-08-07,0.17261541
World,2023-08-08,0.19139156
World,2023-08-09,0.16710773
World,2023-08-10,0.16623151
World,2023-08-11,0.16585599
World,2023-08-12,0.16936088
World,2023-08-13,0.16936088
World,2023-08-14,0.19126637
World,2023-08-15,0.2072887
World,2023-08-16,0.20678799
World,2023-08-17,0.20791456
World,2023-08-18,0.20979218
World,2023-08-19,0.20941666
World,2023-08-20,0.21054323
World,2023-08-21,0.209667
World,2023-08-22,0.24446547
World,2023-08-23,0.24596757
World,2023-08-24,0.24709412
World,2023-08-25,0.24646826
World,2023-08-26,0.24684379
World,2023-08-27,0.25322768
World,2023-08-28,0.2316977
World,2023-08-29,0.23144734
World,2023-08-30,0.23157251
World,2023-08-31,0.23282425
World,2023-09-01,0.23445152
World,2023-09-02,0.24446547
World,2023-09-03,0.24083541
World,2023-09-04,0.26061296
World,2023-09-05,0.280766
World,2023-09-06,0.28064084
World,2023-09-07,0.28314433
World,2023-09-08,0.28602335
World,2023-09-09,0.2751332
World,2023-09-10,0.28502196
World,2023-09-11,0.27150312
World,2023-09-12,0.28452125
World,2023-09-13,0.28589818
World,2023-09-14,0.2852723
World,2023-09-15,0.28414574
World,2023-09-16,0.2862737
World,2023-09-17,0.28464642
World,2023-09-18,0.28364503
World,2023-09-19,0.28614852
World,2023-09-20,0.28852683
World,2023-09-21,0.2891527
World,2023-09-22,0.29077998
World,2023-09-23,0.28952822
World,2023-09-24,0.2945352
World,2023-09-25,0.29441002
World,2023-09-26,0.3078037
World,2023-09-27,0.3071778
World,2023-09-28,0.3081792
World,2023-09-29,0.30830437
World,2023-09-30,0.31681624
World,2023-10-01,0.31631553
World,2023-10-02,0.33546722
World,2023-10-03,0.33058542
World,2023-10-04,0.3320875
World,2023-10-05,0.33133647
World,2023-10-06,0.33396512
World,2023-10-07,0.32983437
World,2023-10-08,0.3344658
World,2023-10-09,0.32144767
World,2023-10-10,0.30730298
World,2023-10-11,0.30880508
World,2023-10-12,0.31218478
World,2023-10-13,0.31293583
World,2023-10-14,0.3135617
World,2023-10-15,0.3213225
World,2023-10-16,0.32808194
World,2023-10-17,0.34372872
World,2023-10-18,0.34698325
World,2023-10-19,0.3466077
World,2023-10-20,0.34836015
World,2023-10-21,0.5072064
World,2023-10-22,0.50733155
World,2023-10-23,0.49756795
World,2023-10-24,0.4769142
World,2023-10-25,0.4656485
World,2023-10-26,0.45951498
World,2023-10-27,0.44987655
World,2023-10-28,0.28351986
World,2023-10-29,0.27187866
World,2023-10-30,0.3627552
World,2023-10-31,0.34548116
World,2023-11-01,0.3413504
World,2023-11-02,0.33759516
World,2023-11-03,0.33121127
World,2023-11-04,0.32545325
World,2023-11-05,0.3004184
World,2023-11-06,0.33020988
World,2023-11-07,0.34936157
World,2023-11-08,0.34973708
World,2023-11-09,0.34648255
World,2023-11-10,0.34673288
World,2023-11-11,0.34685808
World,2023-11-12,0.34297767
World,2023-11-13,0.3423518
World,2023-11-14,0.34936157
World,2023-11-15,0.34898603
World,2023-11-16,0.3491112
World,2023-11-17,0.34898603
World,2023-11-18,0.3491112
World,2023-11-19,0.34798464
World,2023-11-20,0.3447301
World,2023-11-21,0.34347835
World,2023-11-22,0.343228
World,2023-11-23,0.34310284
World,2023-11-24,0.343228
World,2023-11-25,0.343228
World,2023-11-26,0.34297767
World,2023-11-27,0.37276915
World,2023-11-28,0.41219908
World,2023-11-29,0.4120739
World,2023-11-30,0.41232425
World,2023-12-01,0.4120739
World,2023-12-02,0.4134508
World,2023-12-03,0.41320047
World,2023-12-04,0.43372905
World,2023-12-05,0.4378598
World,2023-12-06,0.43798497
World,2023-12-07,0.43811014
World,2023-12-08,0.43848568
World,2023-12-09,0.43735912
World,2023-12-10,0.43710876
World,2023-12-11,0.44975138
World,2023-12-12,0.4536318
World,2023-12-13,0.4536318
World,2023-12-14,0.4535066
World,2023-12-15,0.4535066
World,2023-12-16,0.45388213
World,2023-12-17,0.4558849
World,2023-12-18,0.44211572
World,2023-12-19,0.45275554
World,2023-12-20,0.4535066
World,2023-12-21,0.45563456
World,2023-12-22,0.45613527
World,2023-12-23,0.45688632
World,2023-12-24,0.45613527
World,2023-12-25,0.4417402
World,2023-12-26,0.48454982
World,2023-12-27,0.48429948
World,2023-12-28,0.48279738
World,2023-12-29,0.48304775
World,2023-12-30,0.48279738
World,2023-12-31,0.48392397
World,2024-01-01,0.49093372
World,2024-01-02,0.5303636
World,2024-01-03,0.53086436
World,2024-01-04,0.53086436
World,2024-01-05,0.5314902
World,2024-01-06,0.5311147
World,2024-01-07,0.53474474
World,2024-01-08,0.49907005
World,2024-01-09,0.5172203
World,2024-01-10,0.51697
World,2024-01-11,0.5172203
World,2024-01-12,0.51621896
World,2024-01-13,0.5160938
World,2024-01-14,0.5102106
World,2024-01-15,0.48993233
World,2024-01-16,0.4543828
World,2024-01-17,0.45425764
World,2024-01-18,0.45375696
World,2024-01-19,0.4535066
World,2024-01-20,0.45488352
World,2024-01-21,0.45613527
World,2024-01-22,0.41320047
World,2024-01-23,0.3822824
World,2024-01-24,0.38215724
World,2024-01-25,0.3817817
World,2024-01-26,0.3817817
World,2024-01-27,0.3817817
World,2024-01-28,0.37965375
World,2024-01-29,0.36300555
World,2024-01-30,0.3115589
World,2024-01-31,0.31130856
World,2024-02-01,0.31193444
World,2024-02-02,0.31180927
World,2024-02-03,0.31093302
World,2024-02-04,0.3126855
World,2024-02-05,0.30392328
World,2024-02-06,0.28664923
World,2024-02-07,0.28664923
World,2024-02-08,0.28589818
World,2024-02-09,0.2856478
World,2024-02-10,0.28514713
World,2024-02-11,0.28264365
World,2024-02-12,0.26161435
World,2024-02-13,0.23157251
World,2024-02-14,0.23132217
World,2024-02-15,0.23132217
World,2024-02-16,0.23157251
World,2024-02-17,0.23157251
World,2024-02-18,0.2335753
World,2024-02-19,0.2320732
World,2024-02-20,0.22155857
World,2024-02-21,0.22168374
World,2024-02-22,0.22180891
World,2024-02-23,0.22155857
World,2024-02-24,0.22105786
World,2024-02-25,0.22255996
World,2024-02-26,0.21842921
World,2024-02-27,0.21166979
World,2024-02-28,0.21154462
World,2024-02-29,0.21192014
World,2024-03-01,0.21617606
World,2024-03-02,0.21617606
World,2024-03-03,0.21442363
World,2024-03-04,0.20979218
World,2024-03-05,0.18851255
World,2024-03-06,0.18838736
World,2024-03-07,0.18838736
World,2024-03-08,0.18425661
World,2024-03-09,0.18463214
World,2024-03-10,0.18363075
World,2024-03-11,0.1818783
World,2024-03-12,0.1702371
World,2024-03-13,0.17048743
World,2024-03-14,0.16998674
World,2024-03-15,0.17036226
World,2024-03-16,0.17011191
World,2024-03-17,0.16835947
World,2024-03-18,0.17336644
World,2024-03-19,0.15045954
World,2024-03-20,0.15045954
World,2024-03-21,0.155091
World,2024-03-22,0.15471548
World,2024-03-23,0.15496582
World,2024-03-24,0.15797001
World,2024-03-25,0.15058471
World,2024-03-26,0.1311827
World,2024-03-27,0.13093235
World,2024-03-28,0.12655126
World,2024-03-29,0.1268016
World,2024-03-30,0.12667643
World,2024-03-31,0.12567502
World,2024-04-01,0.12642607
World,2024-04-02,0.113658294
World,2024-04-03,0.11390864
World,2024-04-04,0.113783464
World,2024-04-05,0.113658294
World,2024-04-06,0.11340795
World,2024-04-07,0.11340795
World,2024-04-08,0.11203103
World,2024-04-09,0.10639818
World,2024-04-10,0.10639818
World,2024-04-11,0.10639818
World,2024-04-12,0.106022656
World,2024-04-13,0.10639818
World,2024-04-14,0.105271615
World,2024-04-15,0.100514986
World,2024-04-16,0.09025069
World,2024-04-17,0.090125516
World,2024-04-18,0.090125516
World,2024-04-19,0.09025069
World,2024-04-20,0.09000035
World,2024-04-21,0.090876564
World,2024-04-22,0.09262901
World,2024-04-23,0.08161367
World,2024-04-24,0.08148849
World,2024-04-25,0.08136331
World,2024-04-26,0.08123814
World,2024-04-27,0.08173884
World,2024-04-28,0.08036192
World,2024-04-29,0.07610599
World,2024-04-30,0.07573047
World,2024-05-01,0.07748291
World,2024-05-02,0.07748291
World,2024-05-03,0.077608086
World,2024-05-04,0.07810878
World,2024-05-05,0.07798361
World,2024-05-06,0.08173884
World,2024-05-07,0.069471754
World,2024-05-08,0.068094835
World,2024-05-09,0.067969665
World,2024-05-10,0.068094835
World,2024-05-11,0.067969665
World,2024-05-12,0.06784449
World,2024-05-13,0.05895711
World,2024-05-14,0.059207458
World,2024-05-15,0.059082285
World,2024-05-16,0.05933263
World,2024-05-17,0.05983333
World,2024-05-18,0.0604592
World,2024-05-19,0.06158577
World,2024-05-20,0.06847036
World,2024-05-21,0.0697221
World,2024-05-22,0.069471754
World,2024-05-23,0.06922141
World,2024-05-24,0.068595536
World,2024-05-25,0.06721862
World,2024-05-26,0.066717915
World,2024-05-27,0.065215826
World,2024-05-28,0.06070955
World,2024-05-29,0.060834724
World,2024-05-30,0.060959898
World,2024-05-31,0.061085075
World,2024-06-01,0.062211644
World,2024-06-02,0.062336817
World,2024-06-03,0.06984728
World,2024-06-04,0.06897105
World,2024-06-05,0.06884588
World,2024-06-06,0.068720706
World,2024-06-07,0.06847036
World,2024-06-08,0.06734379
World,2024-06-09,0.066592745
World,2024-06-10,0.06421443
World,2024-06-11,0.07047315
World,2024-06-12,0.07047315
World,2024-06-13,0.07047315
World,2024-06-14,0.07047315
World,2024-06-15,0.0707235
World,2024-06-16,0.07084867
World,2024-06-17,0.08274023
World,2024-06-18,0.09137726
World,2024-06-19,0.09137726
World,2024-06-20,0.09187796
World,2024-06-21,0.09187796
World,2024-06-22,0.09237865
World,2024-06-23,0.09200313
World,2024-06-24,0.08899895
World,2024-06-25,0.088873774
World,2024-06-26,0.088873774
World,2024-06-27,0.08837308
World,2024-06-28,0.08849825
World,2024-06-29,0.08899895
World,2024-06-30,0.08912412
World,2024-07-01,0.09187796
World,2024-07-02,0.104019865
World,2024-07-03,0.104019865
World,2024-07-04,0.104019865
World,2024-07-05,0.103894696
World,2024-07-06,0.103268825
World,2024-07-07,0.103393994
World,2024-07-08,0.10627301
World,2024-07-09,0.11403382
World,2024-07-10,0.11403382
World,2024-07-11,0.11403382
World,2024-07-12,0.11403382
World,2024-07-13,0.11340795
World,2024-07-14,0.11303242
World,2024-07-15,0.11666248
World,2024-07-16,0.13418688
World,2024-07-17,0.13418688
World,2024-07-18,0.13431206
World,2024-07-19,0.13431206
World,2024-07-20,0.13393654
World,2024-07-21,0.1345624
World,2024-07-22,0.1404456
World,2024-07-23,0.15834554
World,2024-07-24,0.15834554
World,2024-07-25,0.15822035
World,2024-07-26,0.15834554
World,2024-07-27,0.15822035
World,2024-07-28,0.1584707
World,2024-07-29,0.1540896
World,2024-07-30,0.168735
World,2024-07-31,0.168735
World,2024-08-01,0.16898535
World,2024-08-02,0.16886017
World,2024-08-03,0.168735
World,2024-08-04,0.16923569
World,2024-08-05,0.1736168
World,2024-08-06,0.18400626
World,2024-08-07,0.18400626
World,2024-08-08,0.18375592
World,2024-08-09,0.18375592
World,2024-08-10,0.18413144
World,2024-08-11,0.18313004
World,2024-08-12,0.1784986
World,2024-08-13,0.17899929
World,2024-08-14,0.17899929
World,2024-08-15,0.17899929
World,2024-08-16,0.17899929
World,2024-08-17,0.17862377
World,2024-08-18,0.17924964
World,2024-08-19,0.18863772
World,2024-08-20,0.21029288
World,2024-08-21,0.21029288
World,2024-08-22,0.21029288
World,2024-08-23,0.21029288
World,2024-08-24,0.2101677
World,2024-08-25,0.20941666
World,2024-08-26,0.20829009
World,2024-08-27,0.21980612
World,2024-08-28,0.21980612
World,2024-08-29,0.21980612
World,2024-08-30,0.21980612
World,2024-08-31,0.2199313
World,2024-09-01,0.22205926
World,2024-09-02,0.220432
World,2024-09-03,0.20328312
World,2024-09-04,0.20328312
World,2024-09-05,0.20328312
World,2024-09-06,0.20328312
World,2024-09-07,0.20328312
World,2024-09-08,0.20153067
World,2024-09-09,0.19402021
World,2024-09-10,0.19677405
World,2024-09-11,0.19677405
World,2024-09-12,0.19677405
World,2024-09-13,0.19677405
World,2024-09-14,0.19689922
World,2024-09-15,0.19614817
World,2024-09-16,0.1945209
World,2024-09-17,0.17586994
World,2024-09-18,0.17586994
World,2024-09-19,0.17586994
World,2024-09-20,0.17586994
World,2024-09-21,0.17574476
World,2024-09-22,0.17637064
World,2024-09-23,0.17949998
World,2024-09-24,0.171614
World,2024-09-25,0.171614
World,2024-09-26,0.171614
World,2024-09-27,0.171614
World,2024-09-28,0.17186436
World,2024-09-29,0.17136365
World,2024-09-30,0.17499371
World,2024-10-01,0.16710773
World,2024-10-02,0.16710773
World,2024-10-03,0.16710773
World,2024-10-04,0.16710773
World,2024-10-05,0.1672329
World,2024-10-06,0.16710773
World,2024-10-07,0.16773361
World,2024-10-08,0.14632879
World,2024-10-09,0.14632879
World,2024-10-10,0.14632879
World,2024-10-11,0.14632879
World,2024-10-12,0.1458281
World,2024-10-13,0.14570293
World,2024-10-14,0.14908263
World,2024-10-15,0.1409463
World,2024-10-16,0.1409463
World,2024-10-17,0.1409463
World,2024-10-18,0.1409463
World,2024-10-19,0.14107147
World,2024-10-20,0.14107147
World,2024-10-21,0.13844281
World,2024-10-22,0.12642607
World,2024-10-23,0.12642607
World,2024-10-24,0.12642607
World,2024-10-25,0.12642607
World,2024-10-26,0.12642607
World,2024-10-27,0.12642607
World,2024-10-28,0.127803
World,2024-10-29,0.122670844
World,2024-10-30,0.122670844
World,2024-10-31,0.122670844
World,2024-11-01,0.12342189
World,2024-11-02,0.12342189
World,2024-11-03,0.12354706
World,2024-11-04,0.112281375
World,2024-11-05,0.105396785
World,2024-11-06,0.105396785
World,2024-11-07,0.105396785
World,2024-11-08,0.104645744
World,2024-11-09,0.10452057
World,2024-11-10,0.10452057
World,2024-11-11,0.101266034
World,2024-11-12,0.09876255
World,2024-11-13,0.09876255
World,2024-11-14,0.09876255
World,2024-11-15,0.09876255
World,2024-11-16,0.09888772
World,2024-11-17,0.0990129
World,2024-11-18,0.09663458
World,2024-11-19,0.08974999
World,2024-11-20,0.08974999
World,2024-11-21,0.08974999
World,2024-11-22,0.08974999
World,2024-11-23,0.08962482
World,2024-11-24,0.089374475
World,2024-11-25,0.08962482
World,2024-11-26,0.09237865
World,2024-11-27,0.09237865
World,2024-11-28,0.09237865
World,2024-11-29,0.09237865
World,2024-11-30,0.093004525
World,2024-12-01,0.094381444
World,2024-12-02,0.09075139
World,2024-12-03,0.090876564
World,2024-12-04,0.090876564
World,2024-12-05,0.090876564
World,2024-12-06,0.090876564
World,2024-12-07,0.09025069
World,2024-12-08,0.088873774
World,2024-12-09,0.08361645
World,2024-12-10,0.09275418
World,2024-12-11,0.09275418
World,2024-12-12,0.09275418
World,2024-12-13,0.09275418
World,2024-12-14,0.09275418
World,2024-12-15,0.092879355
World,2024-12-16,0.10076533
World,2024-12-17,0.10264295
World,2024-12-18,0.10264295
World,2024-12-19,0.10264295
World,2024-12-20,0.10264295
World,2024-12-21,0.10264295
World,2024-12-22,0.102517776
World,2024-12-23,0.09625906
World,2024-12-24,0.10577231
World,2024-12-25,0.10577231
World,2024-12-26,0.10577231
World,2024-12-27,0.10577231
World,2024-12-28,0.10577231
World,2024-12-29,0.106022656
World,2024-12-30,0.10790028
World,2024-12-31,0.14257357
World,2025-01-01,0.14344978
World,2025-01-02,0.14344978
World,2025-01-03,0.14344978
World,2025-01-04,0.14344978
World,2025-01-05,0.14319943
World,2025-01-06,0.14332461
World,2025-01-07,0.16084902
World,2025-01-08,0.1599728
World,2025-01-09,0.1599728
World,2025-01-10,0.1599728
World,2025-01-11,0.1599728
World,2025-01-12,0.1599728
World,2025-01-13,0.1604735
World,2025-01-14,0.15446512
World,2025-01-15,0.15446512
World,2025-01-16,0.15446512
World,2025-01-17,0.15446512
World,2025-01-18,0.15446512
World,2025-01-19,0.15446512
World,2025-01-20,0.1458281
World,2025-01-21,0.13593933
World,2025-01-22,0.13593933
World,2025-01-23,0.13593933
World,2025-01-24,0.13593933
World,2025-01-25,0.13593933
World,2025-01-26,0.13593933
World,2025-01-27,0.12993096
World,2025-01-28,0.1209184
World,2025-01-29,0.1209184
World,2025-01-30,0.1209184
World,2025-01-31,0.1209184
World,2025-02-01,0.1209184
World,2025-02-02,0.121168755
World,2025-02-03,0.12229532
World,2025-02-04,0.09763598
World,2025-02-05,0.09763598
World,2025-02-06,0.09763598
World,2025-02-07,0.09763598
World,2025-02-08,0.09763598
World,2025-02-09,0.09738563
World,2025-02-10,0.09650941
World,2025-02-11,0.07372768
World,2025-02-12,0.07372768
World,2025-02-13,0.07372768
World,2025-02-14,0.07372768
World,2025-02-15,0.07372768
World,2025-02-16,0.07372768